Experiment_ID,cargo,n_rows,rmse,pearson,spearman,correlation_status
AA_2008,siRNA,74,1.1269650032129153,0.1491799656007294,0.1439766367387103,available
AP_2025,mRNA,7,1.1879924520278107,0.733559923252587,0.8571428571428573,available
BL_2023,mRNA,115,0.811364713478041,0.4579185042375729,0.4110566206006135,available
BL_2024,mRNA,84,1.0251190017985465,0.2732814840038243,0.1682241317357967,available
JC_2023,mRNA,36,0.9644191038667006,0.11678981479661134,0.0377285653960057,available
JL_2024,mRNA,83,1.4093287741115255,0.3489476310750109,0.2719274569268351,available
JW_2024,mRNA,285,0.8555400550587835,0.58824974938536,0.5582109761746804,available
KL_2010,siRNA,6,0.7539254832578591,0.6038706736814308,0.6571428571428573,available
KS_2024,mRNA,20,0.5232700317759881,-0.38112098858388105,-0.0647346677387693,available
KW_2014,siRNA,190,0.6477201731161517,0.610952464997428,0.5196139298474985,available
KZ_2016,siRNA,219,0.8060725013392825,0.6557861306385654,0.527900392015602,available
LL_2012,pDNA,16,0.7441454018911615,0.1526814305782735,0.04255324848224046,available
LM_2019,mRNA,94,0.8143130734300291,0.5997537908954496,0.557000892251195,available
LR_2023,mRNA,48,0.6941158833786325,0.6483777996257427,0.2775242391902989,available
LX_2024,mRNA,85,0.9518552901511119,0.07152664289027752,0.037922796183744494,available
LX_2024_2,mRNA,30,0.6021088750501095,0.37050083638587533,0.40900014257300393,available
LX_2024_3,mRNA,21,0.7998460529068894,0.32814252491512386,0.087012987012987,available
NC_2024,mRNA,39,1.243472307446091,0.6928484435476205,0.62020447731451,available
SL_2020,mRNA,13,0.675502430852708,0.5870992795118535,0.6703224937814661,available
SL_2021,mRNA,78,0.674676181472441,0.6192452739115346,0.49924050868799325,available
SS_2018,mRNA,1,1.6417641100899973,,,fewer_than_three_rows
SW_2024,mRNA,18,1.0632139999411485,0.7267761783809219,0.7289485316798865,available
XH_2024_2,mRNA,22,0.8730601314059029,0.41212638109081573,0.5077754578778927,available
XH_2025,mRNA,70,0.7957377033519015,0.7128049419116712,0.707806786807535,available
YR_2024,mRNA,22,0.5331027534884315,0.45556318455344413,0.36115755925730764,available
YX_2023,mRNA,31,0.7323710716899613,0.357199363173375,0.37546665120944384,available
YX_2024,mRNA,360,0.9624205485198575,0.29468088054338093,0.2822402889325455,available
YY_2023,mRNA,14,0.7204114401272133,0.401715970439955,0.6880209161537815,available
ZC_2023,mRNA,19,1.5680076231733107,-0.36393958201717336,-0.39261696610001556,available
ZH_2023,mRNA,48,0.6299286738525425,0.6850578528828114,0.7788827778203505,available
ZL_2022,mRNA,16,2.278610874591078,0.806866461671127,0.8514290268696364,available
