group_id,row_id,LNP_ID,Experiment_ID,IL_name,IL_SMILES,cargo,observed,predicted,IL_to_nucleicacid_massratio,IL_molratio,HL_molratio,CHL_molratio,PEG_molratio,Dose_ug_nucleicacid,HL_name_14PA,HL_name_18PG,HL_name_DDAB,HL_name_DOPE,HL_name_DOTAP,HL_name_DSPC,HL_name_MDOA,HL_name_None,CHL_name_Beta-Sitosterol,CHL_name_Betulin,CHL_name_Calcipotriol,CHL_name_Campesterol,CHL_name_Cholesterol,CHL_name_Fucosterol,CHL_name_Lupeol,CHL_name_Oleanolic acid,CHL_name_Stigmastanol,CHL_name_Stigmasterol,CHL_name_Ursolic acid,CHL_name_Vitamin D2,CHL_name_Vitamin D3,PEG_name_,PEG_name_ALC-0159,PEG_name_C8-Ceramide-PEG2000,PEG_name_C16-Ceramide-PEG2000,PEG_name_DMG-C-PEG2000,PEG_name_DMG-PEG2000,PEG_name_DMG-PEG5000,PEG_name_DMPE-PEG2000,PEG_name_DOG-PEG2000,PEG_name_DOG-PEG5000,PEG_name_DPG-PEG2000,PEG_name_DPG-PEG5000,PEG_name_DSG-PEG2000,PEG_name_DSG-PEG5000,PEG_name_DSPE-PEG2000,PEG_name_Unknown,Aqueous_buffer_acetate,Aqueous_buffer_citrate,Aqueous_buffer_Unknown,Dialysis_buffer_None,Dialysis_buffer_PBS,Dialysis_buffer_water,Mixing_method_handmixed,Mixing_method_microfluidics,Model_type_A549,Model_type_BeWo_b30,Model_type_BMDC,Model_type_BMDM,Model_type_DC2.4,Model_type_HBEC_ALI,Model_type_HEK293T,Model_type_HeLa,Model_type_HepG2,Model_type_IGROV1,Model_type_Mouse_Ai14,Model_type_Mouse_B6,Model_type_Mouse_BALBc,Model_type_Mouse_CD1,Model_type_RAW264.7,Model_target_bone_marrow,Model_target_heart,Model_target_in_vitro,Model_target_kidney,Model_target_liver,Model_target_lung,Model_target_lung_epithelium,Model_target_muscle,Model_target_spleen,Model_target_whole_body,Route_of_administration_in_vitro,Route_of_administration_intramuscular,Route_of_administration_intratracheal,Route_of_administration_intravenous,Cargo_mRNA,Cargo_pDNA,Cargo_siRNA,Cargo_type_base_editor,Cargo_type_DNA_barcode,Cargo_type_FLuc,Cargo_type_FVII,Cargo_type_GFP,Cargo_type_hEPO,Cargo_type_peptide_barcode,Experiment_batching_barcoded,Experiment_batching_individual
02b7a4d34fd7086c,test:01423,LNP_0012304,JW_2024,IR_red_amin_IRh6_IRt11,CCCCCCCC/C=C\CCCCCCCC(=O)OCCCCCC(O)C(CCCCOC(=O)CCCCCCC/C=C\CCCCCCCC)CNCCCN1CCCCC1CC,mRNA,-0.647223901,0.6979850228487945,5.0,23.69252369,28.64048061,46.7222699,0.944725809,0.02,0,0,0,1,0,0,0,0,0,0,0,0,1,0,0,0,0,0,0,0,0,0,0,0,0,0,0,0,1,0,0,0,0,0,0,0,0,0,1,0,1,0,0,1,0,1,0,0,0,0,0,0,0,0,0,0,0,0,0,0,0,0,0,0,0,0,1,0,0,0,1,0,0,0,1,0,0,0,0,1,0,0,0,0,0,1
02b7a4d34fd7086c,test:01429,LNP_0012310,JW_2024,IR_red_amin_IRh6_IRt11,CCCCCCCC/C=C\CCCCCCCC(=O)OCCCCCC(O)C(CCCCOC(=O)CCCCCCC/C=C\CCCCCCCC)CNCCCN1CCCCC1CC,mRNA,0.283660706,-0.2727782380225403,5.0,45.34041808,27.33758525,22.75988328,4.562113395,0.02,0,0,0,1,0,0,0,0,0,0,0,0,1,0,0,0,0,0,0,0,0,0,0,0,0,0,0,0,1,0,0,0,0,0,0,0,0,0,1,0,1,0,0,1,0,1,0,0,0,0,0,0,0,0,0,0,0,0,0,0,0,0,0,0,0,0,1,0,0,0,1,0,0,0,1,0,0,0,0,1,0,0,0,0,0,1
0ae97cf272963479,test:01207,LNP_0011272,JW_2024,RM_branched_ester_M71_R10,CCCCCCCCCCCC(=O)OC(C/C=C\CCCCCCCCOC(=O)CCN(CCCn1ccnc1)CCC(=O)OCCCCCCCC/C=C\CC(CCCCCC)OC(=O)CCCCCCCCCCC)CCCCCC,mRNA,-1.582573742,-1.0932924028769175,5.0,34.37190947,10.08680812,50.50754696,5.033735448,0.02,0,0,0,1,0,0,0,0,0,0,0,0,1,0,0,0,0,0,0,0,0,0,0,0,0,0,0,0,1,0,0,0,0,0,0,0,0,0,1,0,1,0,0,1,0,1,0,0,0,0,0,0,0,0,0,0,0,0,0,0,0,0,0,0,0,0,1,0,0,0,1,0,0,0,1,0,0,0,0,1,0,0,0,0,0,1
0ae97cf272963479,test:01208,LNP_0011273,JW_2024,RM_branched_ester_M71_R10,CCCCCCCCCCCC(=O)OC(C/C=C\CCCCCCCCOC(=O)CCN(CCCn1ccnc1)CCC(=O)OCCCCCCCC/C=C\CC(CCCCCC)OC(=O)CCCCCCCCCCC)CCCCCC,mRNA,-1.762471232,-0.8768605049862094,5.0,59.42019245,10.15034294,29.4159403,1.013524315,0.02,0,0,0,1,0,0,0,0,0,0,0,0,1,0,0,0,0,0,0,0,0,0,0,0,0,0,0,0,1,0,0,0,0,0,0,0,0,0,1,0,1,0,0,1,0,1,0,0,0,0,0,0,0,0,0,0,0,0,0,0,0,0,0,0,0,0,1,0,0,0,1,0,0,0,1,0,0,0,0,1,0,0,0,0,0,1
0ae97cf272963479,test:01209,LNP_0011274,JW_2024,RM_branched_ester_M71_R10,CCCCCCCCCCCC(=O)OC(C/C=C\CCCCCCCCOC(=O)CCN(CCCn1ccnc1)CCC(=O)OCCCCCCCC/C=C\CC(CCCCCC)OC(=O)CCCCCCCCCCC)CCCCCC,mRNA,-0.485199057,-0.428691346291857,5.0,19.58908847,30.1806227,49.23476037,0.995528448,0.02,0,0,0,1,0,0,0,0,0,0,0,0,1,0,0,0,0,0,0,0,0,0,0,0,0,0,0,0,1,0,0,0,0,0,0,0,0,0,1,0,1,0,0,1,0,1,0,0,0,0,0,0,0,0,0,0,0,0,0,0,0,0,0,0,0,0,1,0,0,0,1,0,0,0,1,0,0,0,0,1,0,0,0,0,0,1
0ae97cf272963479,test:01215,LNP_0011280,JW_2024,RM_branched_ester_M71_R10,CCCCCCCCCCCC(=O)OC(C/C=C\CCCCCCCCOC(=O)CCN(CCCn1ccnc1)CCC(=O)OCCCCCCCC/C=C\CC(CCCCCC)OC(=O)CCCCCCCCCCC)CCCCCC,mRNA,-1.465640374,-1.3047899040804751,5.0,39.42477703,30.29624932,25.22311654,5.055857114,0.02,0,0,0,1,0,0,0,0,0,0,0,0,1,0,0,0,0,0,0,0,0,0,0,0,0,0,0,0,1,0,0,0,0,0,0,0,0,0,1,0,1,0,0,1,0,1,0,0,0,0,0,0,0,0,0,0,0,0,0,0,0,0,0,0,0,0,1,0,0,0,1,0,0,0,1,0,0,0,0,1,0,0,0,0,0,1
0f6226fdbdca0293,test:01273,LNP_0011806,JW_2024,RM_branched_ester_M2_R14,CCCCC/C=C\CCC(=O)OC(C/C=C\CCCCCCCCOC(=O)CCN(CCC(=O)OCCCCCCCC/C=C\CC(CCCCCC)OC(=O)CC/C=C\CCCCC)CCN(C)C)CCCCCC,mRNA,0.558206382,0.3931985174824933,5.0,20.99482203,29.65300881,48.37404442,0.978124744,0.02,0,0,0,1,0,0,0,0,0,0,0,0,1,0,0,0,0,0,0,0,0,0,0,0,0,0,0,0,1,0,0,0,0,0,0,0,0,0,1,0,1,0,0,1,0,1,0,0,0,0,0,0,0,0,0,0,0,0,0,0,0,0,0,0,0,0,1,0,0,0,1,0,0,0,1,0,0,0,0,1,0,0,0,0,0,1
0f6226fdbdca0293,test:01279,LNP_0011812,JW_2024,RM_branched_ester_M2_R14,CCCCC/C=C\CCC(=O)OC(C/C=C\CCCCCCCCOC(=O)CCN(CCC(=O)OCCCCCCCC/C=C\CC(CCCCCC)OC(=O)CC/C=C\CCCCC)CCN(C)C)CCCCCC,mRNA,-0.6111273,-0.4464054290641559,5.0,41.51897367,29.24885237,24.3511071,4.881066853,0.02,0,0,0,1,0,0,0,0,0,0,0,0,1,0,0,0,0,0,0,0,0,0,0,0,0,0,0,0,1,0,0,0,0,0,0,0,0,0,1,0,1,0,0,1,0,1,0,0,0,0,0,0,0,0,0,0,0,0,0,0,0,0,0,0,0,0,1,0,0,0,1,0,0,0,1,0,0,0,0,1,0,0,0,0,0,1
137ad052339bc89a,test:01290,LNP_0011849,JW_2024,RM_branched_ester_M19_R14,CCCCC/C=C\CCC(=O)OC(C/C=C\CCCCCCCCOC(=O)CCN(CCC(=O)OCCCCCCCC/C=C\CC(CCCCCC)OC(=O)CC/C=C\CCCCC)CCN1CCCCC1)CCCCCC,mRNA,-0.557158053,-0.654655088686665,5.0,60.63669383,9.855298021,24.57579098,4.932217175,0.02,0,0,0,0,1,0,0,0,0,0,0,0,1,0,0,0,0,0,0,0,0,0,0,0,0,0,0,0,1,0,0,0,0,0,0,0,0,0,1,0,1,0,0,1,0,1,0,0,0,0,0,0,0,0,0,0,0,0,0,0,0,0,0,0,0,0,1,0,0,0,1,0,0,0,1,0,0,0,0,1,0,0,0,0,0,1
137ad052339bc89a,test:01294,LNP_0011853,JW_2024,RM_branched_ester_M19_R14,CCCCC/C=C\CCC(=O)OC(C/C=C\CCCCCCCCOC(=O)CCN(CCC(=O)OCCCCCCCC/C=C\CC(CCCCCC)OC(=O)CC/C=C\CCCCC)CCN1CCCCC1)CCCCCC,mRNA,0.342329394,-0.2114250910432785,5.0,38.64127678,19.77939044,36.60566939,4.973663402,0.02,0,0,0,0,1,0,0,0,0,0,0,0,1,0,0,0,0,0,0,0,0,0,0,0,0,0,0,0,1,0,0,0,0,0,0,0,0,0,1,0,1,0,0,1,0,1,0,0,0,0,0,0,0,0,0,0,0,0,0,0,0,0,0,0,0,0,1,0,0,0,1,0,0,0,1,0,0,0,0,1,0,0,0,0,0,1
137ad052339bc89a,test:01298,LNP_0011857,JW_2024,RM_branched_ester_M19_R14,CCCCC/C=C\CCC(=O)OC(C/C=C\CCCCCCCCOC(=O)CCN(CCC(=O)OCCCCCCCC/C=C\CC(CCCCCC)OC(=O)CC/C=C\CCCCC)CCN1CCCCC1)CCCCCC,mRNA,-0.440224685,-0.0789864634017863,5.0,20.40482551,29.8658401,44.73983238,4.989502006,0.02,0,0,0,0,1,0,0,0,0,0,0,0,1,0,0,0,0,0,0,0,0,0,0,0,0,0,0,0,1,0,0,0,0,0,0,0,0,0,1,0,1,0,0,1,0,1,0,0,0,0,0,0,0,0,0,0,0,0,0,0,0,0,0,0,0,0,1,0,0,0,1,0,0,0,1,0,0,0,0,1,0,0,0,0,0,1
137ad052339bc89a,test:01301,LNP_0011860,JW_2024,RM_branched_ester_M19_R14,CCCCC/C=C\CCC(=O)OC(C/C=C\CCCCCCCCOC(=O)CCN(CCC(=O)OCCCCCCCC/C=C\CC(CCCCCC)OC(=O)CC/C=C\CCCCC)CCN1CCCCC1)CCCCCC,mRNA,0.909006486,0.6776224584318614,5.0,44.61360658,29.65003252,24.75594207,0.980418826,0.02,0,0,0,0,1,0,0,0,0,0,0,0,1,0,0,0,0,0,0,0,0,0,0,0,0,0,0,0,1,0,0,0,0,0,0,0,0,0,1,0,1,0,0,1,0,1,0,0,0,0,0,0,0,0,0,0,0,0,0,0,0,0,0,0,0,0,1,0,0,0,1,0,0,0,1,0,0,0,0,1,0,0,0,0,0,1
137ad052339bc89a,test:01303,LNP_0011862,JW_2024,RM_branched_ester_M19_R14,CCCCC/C=C\CCC(=O)OC(C/C=C\CCCCCCCCOC(=O)CCN(CCC(=O)OCCCCCCCC/C=C\CC(CCCCCC)OC(=O)CC/C=C\CCCCC)CCN1CCCCC1)CCCCCC,mRNA,0.000524164,0.747471119152996,5.0,39.53161812,9.877945549,49.59261001,0.997826325,0.02,0,0,0,0,1,0,0,0,0,0,0,0,1,0,0,0,0,0,0,0,0,0,0,0,0,0,0,0,1,0,0,0,0,0,0,0,0,0,1,0,1,0,0,1,0,1,0,0,0,0,0,0,0,0,0,0,0,0,0,0,0,0,0,0,0,0,1,0,0,0,1,0,0,0,1,0,0,0,0,1,0,0,0,0,0,1
137ad052339bc89a,test:01304,LNP_0011863,JW_2024,RM_branched_ester_M19_R14,CCCCC/C=C\CCC(=O)OC(C/C=C\CCCCCCCCOC(=O)CCN(CCC(=O)OCCCCCCCC/C=C\CC(CCCCCC)OC(=O)CC/C=C\CCCCC)CCN1CCCCC1)CCCCCC,mRNA,1.295786088,0.532078416579706,5.0,20.38774567,26.66210887,49.7742761,3.175869361,0.02,0,0,0,0,1,0,0,0,0,0,0,0,1,0,0,0,0,0,0,0,0,0,0,0,0,0,0,0,1,0,0,0,0,0,0,0,0,0,1,0,1,0,0,1,0,1,0,0,0,0,0,0,0,0,0,0,0,0,0,0,0,0,0,0,0,0,1,0,0,0,1,0,0,0,1,0,0,0,0,1,0,0,0,0,0,1
160622a341c966f2,test:01268,LNP_0011485,JW_2024,RM_branched_ester_M71_R15,CCCCC/C=C\C/C=C\C/C=C\C/C=C\CCCC(=O)OC(C/C=C\CCCCCCCCOC(=O)CCN(CCCn1ccnc1)CCC(=O)OCCCCCCCC/C=C\CC(CCCCCC)OC(=O)CCC/C=C\C/C=C\C/C=C\C/C=C\CCCCC)CCCCCC,mRNA,-1.393681378,-0.7615424777135329,15.0,36.25500853,30.86596318,27.41307986,5.46594843,0.02,0,0,0,1,0,0,0,0,0,0,0,0,1,0,0,0,0,0,0,0,0,0,0,0,0,0,0,0,1,0,0,0,0,0,0,0,0,0,1,0,1,0,0,1,0,1,0,0,0,0,0,0,0,0,0,0,0,0,0,0,0,0,0,0,0,0,1,0,0,0,1,0,0,0,1,0,0,0,0,1,0,0,0,0,0,1
160622a341c966f2,test:01272,LNP_0011489,JW_2024,RM_branched_ester_M71_R15,CCCCC/C=C\C/C=C\C/C=C\C/C=C\CCCC(=O)OC(C/C=C\CCCCCCCCOC(=O)CCN(CCCn1ccnc1)CCC(=O)OCCCCCCCC/C=C\CC(CCCCCC)OC(=O)CCC/C=C\C/C=C\C/C=C\C/C=C\CCCCC)CCCCCC,mRNA,-1.465640374,-0.2722435012638575,15.0,39.38101501,32.51344803,27.016809,1.088727955,0.02,0,0,0,1,0,0,0,0,0,0,0,0,1,0,0,0,0,0,0,0,0,0,0,0,0,0,0,0,1,0,0,0,0,0,0,0,0,0,1,0,1,0,0,1,0,1,0,0,0,0,0,0,0,0,0,0,0,0,0,0,0,0,0,0,0,0,1,0,0,0,1,0,0,0,1,0,0,0,0,1,0,0,0,0,0,1
1817208dc4d21399,test:01221,LNP_0011286,JW_2024,RM_branched_ester_M71_R5,CCCCCCCCCCCCCCCCCC(=O)OC(C/C=C\CCCCCCCCOC(=O)CCN(CCCn1ccnc1)CCC(=O)OCCCCCCCC/C=C\CC(CCCCCC)OC(=O)CCCCCCCCCCCCCCCCC)CCCCCC,mRNA,-1.726491734,-0.9474698609542634,5.0,31.39928891,10.54368951,52.79528337,5.261738203,0.02,0,0,0,1,0,0,0,0,0,0,0,0,1,0,0,0,0,0,0,0,0,0,0,0,0,0,0,0,1,0,0,0,0,0,0,0,0,0,1,0,1,0,0,1,0,1,0,0,0,0,0,0,0,0,0,0,0,0,0,0,0,0,0,0,0,0,1,0,0,0,1,0,0,0,1,0,0,0,0,1,0,0,0,0,0,1
1817208dc4d21399,test:01222,LNP_0011287,JW_2024,RM_branched_ester_M71_R5,CCCCCCCCCCCCCCCCCC(=O)OC(C/C=C\CCCCCCCCOC(=O)CCN(CCCn1ccnc1)CCC(=O)OCCCCCCCC/C=C\CC(CCCCCC)OC(=O)CCCCCCCCCCCCCCCCC)CCCCCC,mRNA,-1.528604495,-0.7042580825902721,5.0,56.13419388,10.97227912,31.79793133,1.095595662,0.02,0,0,0,1,0,0,0,0,0,0,0,0,1,0,0,0,0,0,0,0,0,0,0,0,0,0,0,0,1,0,0,0,0,0,0,0,0,0,1,0,1,0,0,1,0,1,0,0,0,0,0,0,0,0,0,0,0,0,0,0,0,0,0,0,0,0,1,0,0,0,1,0,0,0,1,0,0,0,0,1,0,0,0,0,0,1
1817208dc4d21399,test:01223,LNP_0011288,JW_2024,RM_branched_ester_M71_R5,CCCCCCCCCCCCCCCCCC(=O)OC(C/C=C\CCCCCCCCOC(=O)CCN(CCCn1ccnc1)CCC(=O)OCCCCCCCC/C=C\CC(CCCCCC)OC(=O)CCCCCCCCCCCCCCCCC)CCCCCC,mRNA,-0.341281065,-0.3125372251174896,5.0,17.55300173,30.94482702,50.481435,1.020736249,0.02,0,0,0,1,0,0,0,0,0,0,0,0,1,0,0,0,0,0,0,0,0,0,0,0,0,0,0,0,1,0,0,0,0,0,0,0,0,0,1,0,1,0,0,1,0,1,0,0,0,0,0,0,0,0,0,0,0,0,0,0,0,0,0,0,0,0,1,0,0,0,1,0,0,0,1,0,0,0,0,1,0,0,0,0,0,1
1817208dc4d21399,test:01229,LNP_0011294,JW_2024,RM_branched_ester_M71_R5,CCCCCCCCCCCCCCCCCC(=O)OC(C/C=C\CCCCCCCCOC(=O)CCN(CCCn1ccnc1)CCC(=O)OCCCCCCCC/C=C\CC(CCCCCC)OC(=O)CCCCCCCCCCCCCCCCC)CCCCCC,mRNA,-1.060871023,-1.3024423343112026,5.0,36.25658288,31.88079817,26.54233133,5.320287621,0.02,0,0,0,1,0,0,0,0,0,0,0,0,1,0,0,0,0,0,0,0,0,0,0,0,0,0,0,0,1,0,0,0,0,0,0,0,0,0,1,0,1,0,0,1,0,1,0,0,0,0,0,0,0,0,0,0,0,0,0,0,0,0,0,0,0,0,1,0,0,0,1,0,0,0,1,0,0,0,0,1,0,0,0,0,0,1
181a9b7c05c1d767,test:01239,LNP_0011304,JW_2024,RM_branched_ester_M71_R6,CCCCCCCC/C=C\CCCCCCCC(=O)OC(C/C=C\CCCCCCCCOC(=O)CCN(CCCn1ccnc1)CCC(=O)OCCCCCCCC/C=C\CC(CCCCCC)OC(=O)CCCCCCC/C=C\CCCCCCCC)CCCCCC,mRNA,0.369314018,0.0571584979161376,15.0,46.69345042,10.85439817,39.21983483,3.232316576,0.02,0,0,0,0,1,0,0,0,0,0,0,0,1,0,0,0,0,0,0,0,0,0,0,0,0,0,0,0,1,0,0,0,0,0,0,0,0,0,1,0,1,0,0,1,0,1,0,0,0,0,0,0,0,0,0,0,0,0,0,0,0,0,0,0,0,0,1,0,0,0,1,0,0,0,1,0,0,0,0,1,0,0,0,0,0,1
181a9b7c05c1d767,test:01241,LNP_0011306,JW_2024,RM_branched_ester_M71_R6,CCCCCCCC/C=C\CCCCCCCC(=O)OC(C/C=C\CCCCCCCCOC(=O)CCN(CCCn1ccnc1)CCC(=O)OCCCCCCCC/C=C\CC(CCCCCC)OC(=O)CCCCCCC/C=C\CCCCCCCC)CCCCCC,mRNA,0.83704749,0.3182180283998437,15.0,56.17539811,15.31284211,27.40853625,1.103223527,0.02,0,0,0,0,1,0,0,0,0,0,0,0,1,0,0,0,0,0,0,0,0,0,0,0,0,0,0,0,1,0,0,0,0,0,0,0,0,0,1,0,1,0,0,1,0,1,0,0,0,0,0,0,0,0,0,0,0,0,0,0,0,0,0,0,0,0,1,0,0,0,1,0,0,0,1,0,0,0,0,1,0,0,0,0,0,1
1cf38ce0ff2ff280,test:01235,LNP_0011300,JW_2024,RM_branched_ester_M71_R6,CCCCCCCC/C=C\CCCCCCCC(=O)OC(C/C=C\CCCCCCCCOC(=O)CCN(CCCn1ccnc1)CCC(=O)OCCCCCCCC/C=C\CC(CCCCCC)OC(=O)CCCCCCC/C=C\CCCCCCCC)CCCCCC,mRNA,-1.384686504,-0.8194359989769164,5.0,31.46447137,10.5336712,52.74511879,5.256738648,0.02,0,0,0,1,0,0,0,0,0,0,0,0,1,0,0,0,0,0,0,0,0,0,0,0,0,0,0,0,1,0,0,0,0,0,0,0,0,0,1,0,1,0,0,1,0,1,0,0,0,0,0,0,0,0,0,0,0,0,0,0,0,0,0,0,0,0,1,0,0,0,1,0,0,0,1,0,0,0,0,1,0,0,0,0,0,1
1cf38ce0ff2ff280,test:01236,LNP_0011301,JW_2024,RM_branched_ester_M71_R6,CCCCCCCC/C=C\CCCCCCCC(=O)OC(C/C=C\CCCCCCCCOC(=O)CCN(CCCn1ccnc1)CCC(=O)OCCCCCCCC/C=C\CC(CCCCCC)OC(=O)CCCCCCC/C=C\CCCCCCCC)CCCCCC,mRNA,-2.059302089,-0.6199344831165295,5.0,56.20865182,10.95365475,31.74395744,1.093735995,0.02,0,0,0,1,0,0,0,0,0,0,0,0,1,0,0,0,0,0,0,0,0,0,0,0,0,0,0,0,1,0,0,0,0,0,0,0,0,0,1,0,1,0,0,1,0,1,0,0,0,0,0,0,0,0,0,0,0,0,0,0,0,0,0,0,0,0,1,0,0,0,1,0,0,0,1,0,0,0,0,1,0,0,0,0,0,1
1cf38ce0ff2ff280,test:01237,LNP_0011302,JW_2024,RM_branched_ester_M71_R6,CCCCCCCC/C=C\CCCCCCCC(=O)OC(C/C=C\CCCCCCCCOC(=O)CCN(CCCn1ccnc1)CCC(=O)OCCCCCCCC/C=C\CC(CCCCCC)OC(=O)CCCCCCC/C=C\CCCCCCCC)CCCCCC,mRNA,-0.871978659,-0.1857431218477039,5.0,17.59681348,30.92838316,50.45460952,1.020193837,0.02,0,0,0,1,0,0,0,0,0,0,0,0,1,0,0,0,0,0,0,0,0,0,0,0,0,0,0,0,1,0,0,0,0,0,0,0,0,0,1,0,1,0,0,1,0,1,0,0,0,0,0,0,0,0,0,0,0,0,0,0,0,0,0,0,0,0,1,0,0,0,1,0,0,0,1,0,0,0,0,1,0,0,0,0,0,1
1cf38ce0ff2ff280,test:01243,LNP_0011308,JW_2024,RM_branched_ester_M71_R6,CCCCCCCC/C=C\CCCCCCCC(=O)OC(C/C=C\CCCCCCCCOC(=O)CCN(CCCn1ccnc1)CCC(=O)OCCCCCCCC/C=C\CC(CCCCCC)OC(=O)CCCCCCC/C=C\CCCCCCCC)CCCCCC,mRNA,-1.348707006,-1.199534450661765,5.0,36.3265092,31.84582504,26.51321448,5.314451282,0.02,0,0,0,1,0,0,0,0,0,0,0,0,1,0,0,0,0,0,0,0,0,0,0,0,0,0,0,0,1,0,0,0,0,0,0,0,0,0,1,0,1,0,0,1,0,1,0,0,0,0,0,0,0,0,0,0,0,0,0,0,0,0,0,0,0,0,1,0,0,0,1,0,0,0,1,0,0,0,0,1,0,0,0,0,0,1
23e7f7efda2dbdcb,test:01189,LNP_0011254,JW_2024,RM_branched_ester_M71_R14,CCCCCC/C=C\CCC(=O)OC(C/C=C\CCCCCCCCOC(=O)CCN(CCCn1ccnc1)CCC(=O)OCCCCCCCC/C=C\CC(CCCCCC)OC(=O)CC/C=C\CCCCCC)CCCCCC,mRNA,-1.735486608,-0.3854484070252874,10.0,35.06791703,16.01440975,46.42204835,2.495624868,0.02,0,0,0,1,0,0,0,0,0,0,0,0,1,0,0,0,0,0,0,0,0,0,0,0,0,0,0,0,1,0,0,0,0,0,0,0,0,0,1,0,1,0,0,1,0,1,0,0,0,0,0,0,0,0,0,0,0,0,0,0,0,0,0,0,0,0,1,0,0,0,1,0,0,0,1,0,0,0,0,1,0,0,0,0,0,1
23e7f7efda2dbdcb,test:01192,LNP_0011257,JW_2024,RM_branched_ester_M71_R14,CCCCCC/C=C\CCC(=O)OC(C/C=C\CCCCCCCCOC(=O)CCN(CCCn1ccnc1)CCC(=O)OCCCCCCCC/C=C\CC(CCCCCC)OC(=O)CC/C=C\CCCCCC)CCCCCC,mRNA,-1.681517361,-0.3742348163056653,10.0,32.02082106,16.74688602,48.6282044,2.604088511,0.02,0,0,0,1,0,0,0,0,0,0,0,0,1,0,0,0,0,0,0,0,0,0,0,0,0,0,0,0,1,0,0,0,0,0,0,0,0,0,1,0,1,0,0,1,0,1,0,0,0,0,0,0,0,0,0,0,0,0,0,0,0,0,0,0,0,0,1,0,0,0,1,0,0,0,1,0,0,0,0,1,0,0,0,0,0,1
28abaf1e40536290,test:01210,LNP_0011275,JW_2024,RM_branched_ester_M71_R10,CCCCCCCCCCCC(=O)OC(C/C=C\CCCCCCCCOC(=O)CCN(CCCn1ccnc1)CCC(=O)OCCCCCCCC/C=C\CC(CCCCCC)OC(=O)CCCCCCCCCCC)CCCCCC,mRNA,-0.395250312,-1.4731501131876723,5.0,59.43305167,10.15665106,25.32726388,5.083033381,0.02,0,0,0,0,1,0,0,0,0,0,0,0,1,0,0,0,0,0,0,0,0,0,0,0,0,0,0,0,1,0,0,0,0,0,0,0,0,0,1,0,1,0,0,1,0,1,0,0,0,0,0,0,0,0,0,0,0,0,0,0,0,0,0,0,0,0,1,0,0,0,1,0,0,0,1,0,0,0,0,1,0,0,0,0,0,1
28abaf1e40536290,test:01214,LNP_0011279,JW_2024,RM_branched_ester_M71_R10,CCCCCCCCCCCC(=O)OC(C/C=C\CCCCCCCCOC(=O)CCN(CCCn1ccnc1)CCC(=O)OCCCCCCCC/C=C\CC(CCCCCC)OC(=O)CCCCCCCCCCC)CCCCCC,mRNA,-0.871978659,-1.078767297302828,5.0,37.4587595,20.16058271,37.31114098,5.069516813,0.02,0,0,0,0,1,0,0,0,0,0,0,0,1,0,0,0,0,0,0,0,0,0,0,0,0,0,0,0,1,0,0,0,0,0,0,0,0,0,1,0,1,0,0,1,0,1,0,0,0,0,0,0,0,0,0,0,0,0,0,0,0,0,0,0,0,0,1,0,0,0,1,0,0,0,1,0,0,0,0,1,0,0,0,0,0,1
2e7cd94a4f8c6ac7,test:01354,LNP_0012049,JW_2024,IR_red_amin_IRh20_IRt8,CCCCCCCCCCCCCCCC(=O)OCCCCCC(O)C(CCCCOC(=O)CCCCCCCCCCCCCCC)CN(C)CCCn1cccn1,mRNA,-0.679886519,-1.8498515289454556,5.0,67.25422451,8.19848249,20.44425157,4.103041436,0.02,0,0,0,0,1,0,0,0,0,0,0,0,1,0,0,0,0,0,0,0,0,0,0,0,0,0,0,0,1,0,0,0,0,0,0,0,0,0,1,0,1,0,0,1,0,1,0,0,0,0,0,0,0,0,0,0,0,0,0,0,0,0,0,0,0,0,1,0,0,0,1,0,0,0,1,0,0,0,0,1,0,0,0,0,0,1
2e7cd94a4f8c6ac7,test:01358,LNP_0012053,JW_2024,IR_red_amin_IRh20_IRt8,CCCCCCCCCCCCCCCC(=O)OCCCCCC(O)C(CCCCOC(=O)CCCCCCCCCCCCCCC)CN(C)CCCn1cccn1,mRNA,-0.22260987,-1.495730288590181,5.0,45.64167439,17.52276594,32.42933997,4.406219694,0.02,0,0,0,0,1,0,0,0,0,0,0,0,1,0,0,0,0,0,0,0,0,0,0,0,0,0,0,0,1,0,0,0,0,0,0,0,0,0,1,0,1,0,0,1,0,1,0,0,0,0,0,0,0,0,0,0,0,0,0,0,0,0,0,0,0,0,1,0,0,0,1,0,0,0,1,0,0,0,0,1,0,0,0,0,0,1
2e7cd94a4f8c6ac7,test:01362,LNP_0012057,JW_2024,IR_red_amin_IRh20_IRt8,CCCCCCCCCCCCCCCC(=O)OCCCCCC(O)C(CCCCOC(=O)CCCCCCCCCCCCCCC)CN(C)CCCn1cccn1,mRNA,-1.014678351,-1.165117992578554,5.0,25.47300149,27.96415028,41.89104984,4.671798397,0.02,0,0,0,0,1,0,0,0,0,0,0,0,1,0,0,0,0,0,0,0,0,0,0,0,0,0,0,0,1,0,0,0,0,0,0,0,0,0,1,0,1,0,0,1,0,1,0,0,0,0,0,0,0,0,0,0,0,0,0,0,0,0,0,0,0,0,1,0,0,0,1,0,0,0,1,0,0,0,0,1,0,0,0,0,0,1
2e7cd94a4f8c6ac7,test:01365,LNP_0012060,JW_2024,IR_red_amin_IRh20_IRt8,CCCCCCCCCCCCCCCC(=O)OCCCCCC(O)C(CCCCOC(=O)CCCCCCCCCCCCCCC)CN(C)CCCn1cccn1,mRNA,1.165551386,-0.9669242574798264,5.0,51.78286025,25.81211149,21.55151554,0.853512724,0.02,0,0,0,0,1,0,0,0,0,0,0,0,1,0,0,0,0,0,0,0,0,0,0,0,0,0,0,0,1,0,0,0,0,0,0,0,0,0,1,0,1,0,0,1,0,1,0,0,0,0,0,0,0,0,0,0,0,0,0,0,0,0,0,0,0,0,1,0,0,0,1,0,0,0,1,0,0,0,0,1,0,0,0,0,0,1
2e7cd94a4f8c6ac7,test:01367,LNP_0012062,JW_2024,IR_red_amin_IRh20_IRt8,CCCCCCCCCCCCCCCC(=O)OCCCCCC(O)C(CCCCOC(=O)CCCCCCCCCCCCCCC)CN(C)CCCn1cccn1,mRNA,1.386024055,-0.6649918880417253,5.0,46.57088945,8.728029895,43.81941372,0.881666937,0.02,0,0,0,0,1,0,0,0,0,0,0,0,1,0,0,0,0,0,0,0,0,0,0,0,0,0,0,0,1,0,0,0,0,0,0,0,0,0,1,0,1,0,0,1,0,1,0,0,0,0,0,0,0,0,0,0,0,0,0,0,0,0,0,0,0,0,1,0,0,0,1,0,0,0,1,0,0,0,0,1,0,0,0,0,0,1
2e7cd94a4f8c6ac7,test:01368,LNP_0012063,JW_2024,IR_red_amin_IRh20_IRt8,CCCCCCCCCCCCCCCC(=O)OCCCCCC(O)C(CCCCOC(=O)CCCCCCCCCCCCCCC)CN(C)CCCn1cccn1,mRNA,1.02673526,-0.7180438657644642,5.0,25.45303594,24.96574539,46.60741242,2.973806245,0.02,0,0,0,0,1,0,0,0,0,0,0,0,1,0,0,0,0,0,0,0,0,0,0,0,0,0,0,0,1,0,0,0,0,0,0,0,0,0,1,0,1,0,0,1,0,1,0,0,0,0,0,0,0,0,0,0,0,0,0,0,0,0,0,0,0,0,1,0,0,0,1,0,0,0,1,0,0,0,0,1,0,0,0,0,0,1
30e5454ae16c5455,test:01266,LNP_0011483,JW_2024,RM_branched_ester_M71_R15,CCCCC/C=C\C/C=C\C/C=C\C/C=C\CCCC(=O)OC(C/C=C\CCCCCCCCOC(=O)CCN(CCCn1ccnc1)CCC(=O)OCCCCCCCC/C=C\CC(CCCCCC)OC(=O)CCC/C=C\C/C=C\C/C=C\C/C=C\CCCCC)CCCCCC,mRNA,-1.834430227,-1.2478351851225264,5.0,55.41960732,11.16148765,27.83298759,5.585917439,0.02,0,0,0,0,1,0,0,0,0,0,0,0,1,0,0,0,0,0,0,0,0,0,0,0,0,0,0,0,1,0,0,0,0,0,0,0,0,0,1,0,1,0,0,1,0,1,0,0,0,0,0,0,0,0,0,0,0,0,0,0,0,0,0,0,0,0,1,0,0,0,1,0,0,0,1,0,0,0,0,1,0,0,0,0,0,1
30e5454ae16c5455,test:01270,LNP_0011487,JW_2024,RM_branched_ester_M71_R15,CCCCC/C=C\C/C=C\C/C=C\C/C=C\CCCC(=O)OC(C/C=C\CCCCCCCCOC(=O)CCN(CCCn1ccnc1)CCC(=O)OCCCCCCCC/C=C\CC(CCCCCC)OC(=O)CCC/C=C\C/C=C\C/C=C\C/C=C\CCCCC)CCCCCC,mRNA,-1.186799266,-0.9361905190455396,5.0,33.69662468,21.37333176,39.55557268,5.374470881,0.02,0,0,0,0,1,0,0,0,0,0,0,0,1,0,0,0,0,0,0,0,0,0,0,0,0,0,0,0,1,0,0,0,0,0,0,0,0,0,1,0,1,0,0,1,0,1,0,0,0,0,0,0,0,0,0,0,0,0,0,0,0,0,0,0,0,0,1,0,0,0,1,0,0,0,1,0,0,0,0,1,0,0,0,0,0,1
30f30dada08378c4,test:01412,LNP_0012159,JW_2024,IR_red_amin_IRh18_IRt8,CCCCCCCCCCCCCCCC(=O)OCCCCCC(O)C(CCCCOC(=O)CCCCCCCCCCCCCCC)CN(C)Cc1cccnc1,mRNA,-2.42733657,-2.09630455892933,5.0,67.70788097,8.084901593,20.1610191,4.04619834,0.02,0,0,0,0,1,0,0,0,0,0,0,0,1,0,0,0,0,0,0,0,0,0,0,0,0,0,0,0,1,0,0,0,0,0,0,0,0,0,1,0,1,0,0,1,0,1,0,0,0,0,0,0,0,0,0,0,0,0,0,0,0,0,0,0,0,0,1,0,0,0,1,0,0,0,1,0,0,0,0,1,0,0,0,0,0,1
30f30dada08378c4,test:01416,LNP_0012163,JW_2024,IR_red_amin_IRh18_IRt8,CCCCCCCCCCCCCCCC(=O)OCCCCCC(O)C(CCCCOC(=O)CCCCCCCCCCCCCCC)CN(C)Cc1cccnc1,mRNA,-1.602605471,-1.814732497885421,5.0,46.15502928,17.3572826,32.12308035,4.364607772,0.02,0,0,0,0,1,0,0,0,0,0,0,0,1,0,0,0,0,0,0,0,0,0,0,0,0,0,0,0,1,0,0,0,0,0,0,0,0,0,1,0,1,0,0,1,0,1,0,0,0,0,0,0,0,0,0,0,0,0,0,0,0,0,0,0,0,0,1,0,0,0,1,0,0,0,1,0,0,0,0,1,0,0,0,0,0,1
323d64982a1efbae,test:01245,LNP_0011386,JW_2024,RM_branched_ester_M71_R7,CCCCC/C=C\C/C=C\CCCCCCCC(=O)OC(C/C=C\CCCCCCCCOC(=O)CCN(CCCn1ccnc1)CCC(=O)OCCCCCCCC/C=C\CC(CCCCCC)OC(=O)CCCCCCC/C=C\C/C=C\CCCCC)CCCCCC,mRNA,-1.708501985,-0.4414199156512114,10.0,31.59096507,16.87194166,48.90783388,2.629259388,0.02,0,0,0,1,0,0,0,0,0,0,0,0,1,0,0,0,0,0,0,0,0,0,0,0,0,0,0,0,1,0,0,0,0,0,0,0,0,0,1,0,1,0,0,1,0,1,0,0,0,0,0,0,0,0,0,0,0,0,0,0,0,0,0,0,0,0,1,0,0,0,1,0,0,0,1,0,0,0,0,1,0,0,0,0,0,1
323d64982a1efbae,test:01248,LNP_0011389,JW_2024,RM_branched_ester_M71_R7,CCCCC/C=C\C/C=C\CCCCCCCC(=O)OC(C/C=C\CCCCCCCCOC(=O)CCN(CCCn1ccnc1)CCC(=O)OCCCCCCCC/C=C\CC(CCCCCC)OC(=O)CCCCCCC/C=C\C/C=C\CCCCC)CCCCCC,mRNA,-1.096850521,-0.4470216498021095,10.0,28.71239252,17.56192787,50.99485463,2.730824974,0.02,0,0,0,1,0,0,0,0,0,0,0,0,1,0,0,0,0,0,0,0,0,0,0,0,0,0,0,0,1,0,0,0,0,0,0,0,0,0,1,0,1,0,0,1,0,1,0,0,0,0,0,0,0,0,0,0,0,0,0,0,0,0,0,0,0,0,1,0,0,0,1,0,0,0,1,0,0,0,0,1,0,0,0,0,0,1
33557900a8973eb8,test:01224,LNP_0011289,JW_2024,RM_branched_ester_M71_R5,CCCCCCCCCCCCCCCCCC(=O)OC(C/C=C\CCCCCCCCOC(=O)CCN(CCCn1ccnc1)CCC(=O)OCCCCCCCC/C=C\CC(CCCCCC)OC(=O)CCCCCCCCCCCCCCCCC)CCCCCC,mRNA,-0.053445082,-1.4111897547191667,5.0,56.14732592,10.97929046,27.37864923,5.494734393,0.02,0,0,0,0,1,0,0,0,0,0,0,0,1,0,0,0,0,0,0,0,0,0,0,0,0,0,0,0,1,0,0,0,0,0,0,0,0,0,1,0,1,0,0,1,0,1,0,0,0,0,0,0,0,0,0,0,0,0,0,0,0,0,0,0,0,0,1,0,0,0,1,0,0,0,1,0,0,0,0,1,0,0,0,0,0,1
33557900a8973eb8,test:01228,LNP_0011293,JW_2024,RM_branched_ester_M71_R5,CCCCCCCCCCCCCCCCCC(=O)OC(C/C=C\CCCCCCCCOC(=O)CCN(CCCn1ccnc1)CCC(=O)OCCCCCCCC/C=C\CC(CCCCCC)OC(=O)CCCCCCCCCCCCCCCCC)CCCCCC,mRNA,-0.943937655,-1.0431347242240738,5.0,34.35894171,21.15982948,39.16044454,5.320784269,0.02,0,0,0,0,1,0,0,0,0,0,0,0,1,0,0,0,0,0,0,0,0,0,0,0,0,0,0,0,1,0,0,0,0,0,0,0,0,0,1,0,1,0,0,1,0,1,0,0,0,0,0,0,0,0,0,0,0,0,0,0,0,0,0,0,0,0,1,0,0,0,1,0,0,0,1,0,0,0,0,1,0,0,0,0,0,1
33dd66a935312f92,test:01291,LNP_0011850,JW_2024,RM_branched_ester_M19_R14,CCCCC/C=C\CCC(=O)OC(C/C=C\CCCCCCCCOC(=O)CCN(CCC(=O)OCCCCCCCC/C=C\CC(CCCCCC)OC(=O)CC/C=C\CCCCC)CCN1CCCCC1)CCCCCC,mRNA,1.358750209,1.0323740196672218,15.0,51.23582584,9.929469589,35.87782123,2.956883342,0.02,0,0,0,0,1,0,0,0,0,0,0,0,1,0,0,0,0,0,0,0,0,0,0,0,0,0,0,0,1,0,0,0,0,0,0,0,0,0,1,0,1,0,0,1,0,1,0,0,0,0,0,0,0,0,0,0,0,0,0,0,0,0,0,0,0,0,1,0,0,0,1,0,0,0,1,0,0,0,0,1,0,0,0,0,0,1
33dd66a935312f92,test:01293,LNP_0011852,JW_2024,RM_branched_ester_M19_R14,CCCCC/C=C\CCC(=O)OC(C/C=C\CCCCCCCCOC(=O)CCN(CCC(=O)OCCCCCCCC/C=C\CC(CCCCCC)OC(=O)CC/C=C\CCCCC)CCN1CCCCC1)CCCCCC,mRNA,1.358750209,1.3127205854105055,15.0,60.59171179,13.76972908,24.64651016,0.992048959,0.02,0,0,0,0,1,0,0,0,0,0,0,0,1,0,0,0,0,0,0,0,0,0,0,0,0,0,0,0,1,0,0,0,0,0,0,0,0,0,1,0,1,0,0,1,0,1,0,0,0,0,0,0,0,0,0,0,0,0,0,0,0,0,0,0,0,0,1,0,0,0,1,0,0,0,1,0,0,0,0,1,0,0,0,0,0,1
33dd66a935312f92,test:01300,LNP_0011859,JW_2024,RM_branched_ester_M19_R14,CCCCC/C=C\CCC(=O)OC(C/C=C\CCCCCCCCOC(=O)CCN(CCC(=O)OCCCCCCCC/C=C\CC(CCCCCC)OC(=O)CC/C=C\CCCCC)CCN1CCCCC1)CCCCCC,mRNA,0.891016737,0.7712033503790021,15.0,35.53945762,9.937081075,49.57382742,4.94963389,0.02,0,0,0,0,1,0,0,0,0,0,0,0,1,0,0,0,0,0,0,0,0,0,0,0,0,0,0,0,1,0,0,0,0,0,0,0,0,0,1,0,1,0,0,1,0,1,0,0,0,0,0,0,0,0,0,0,0,0,0,0,0,0,0,0,0,0,1,0,0,0,1,0,0,0,1,0,0,0,0,1,0,0,0,0,0,1
3d54b048d658505f,test:01337,LNP_0012032,JW_2024,IR_red_amin_IRh18_IRt11,CCCCCCCC/C=C\CCCCCCCC(=O)OCCCCCC(O)C(CCCCOC(=O)CCCCCCC/C=C\CCCCCCCC)CN(C)Cc1cccnc1,mRNA,-1.814912487,-1.5596166967894725,5.0,41.33347874,9.016839259,45.14990538,4.499776625,0.02,0,0,0,1,0,0,0,0,0,0,0,0,1,0,0,0,0,0,0,0,0,0,0,0,0,0,0,0,1,0,0,0,0,0,0,0,0,0,1,0,1,0,0,1,0,1,0,0,0,0,0,0,0,0,0,0,0,0,0,0,0,0,0,0,0,0,1,0,0,0,1,0,0,0,1,0,0,0,0,1,0,0,0,0,0,1
3d54b048d658505f,test:01338,LNP_0012033,JW_2024,IR_red_amin_IRh18_IRt11,CCCCCCCC/C=C\CCCCCCCC(=O)OCCCCCC(O)C(CCCCOC(=O)CCCCCCC/C=C\CCCCCCCC)CN(C)Cc1cccnc1,mRNA,-2.72130013,-1.4447447683293575,5.0,66.32768179,8.422552938,24.40876293,0.841002344,0.02,0,0,0,1,0,0,0,0,0,0,0,0,1,0,0,0,0,0,0,0,0,0,0,0,0,0,0,0,1,0,0,0,0,0,0,0,0,0,1,0,1,0,0,1,0,1,0,0,0,0,0,0,0,0,0,0,0,0,0,0,0,0,0,0,0,0,1,0,0,0,1,0,0,0,1,0,0,0,0,1,0,0,0,0,0,1
3d54b048d658505f,test:01339,LNP_0012034,JW_2024,IR_red_amin_IRh18_IRt11,CCCCCCCC/C=C\CCCCCCCC(=O)OCCCCCC(O)C(CCCCOC(=O)CCCCCCC/C=C\CCCCCCCC)CN(C)Cc1cccnc1,mRNA,-0.214444216,-0.9981611483544194,5.0,24.68265939,28.26885303,46.11602016,0.93246742,0.02,0,0,0,1,0,0,0,0,0,0,0,0,1,0,0,0,0,0,0,0,0,0,0,0,0,0,0,0,1,0,0,0,0,0,0,0,0,0,1,0,1,0,0,1,0,1,0,0,0,0,0,0,0,0,0,0,0,0,0,0,0,0,0,0,0,0,1,0,0,0,1,0,0,0,1,0,0,0,0,1,0,0,0,0,0,1
3d54b048d658505f,test:01345,LNP_0012040,JW_2024,IR_red_amin_IRh18_IRt11,CCCCCCCC/C=C\CCCCCCCC(=O)OCCCCCC(O)C(CCCCOC(=O)CCCCCCC/C=C\CCCCCCCC)CN(C)Cc1cccnc1,mRNA,-0.933021807,-1.7747095858142616,5.0,46.68179088,26.66670757,22.20134465,4.450156907,0.02,0,0,0,1,0,0,0,0,0,0,0,0,1,0,0,0,0,0,0,0,0,0,0,0,0,0,0,0,1,0,0,0,0,0,0,0,0,0,1,0,1,0,0,1,0,1,0,0,0,0,0,0,0,0,0,0,0,0,0,0,0,0,0,0,0,0,1,0,0,0,1,0,0,0,1,0,0,0,0,1,0,0,0,0,0,1
3d92cf81dcaded6a,test:01259,LNP_0011476,JW_2024,RM_branched_ester_M71_R15,CCCCC/C=C\C/C=C\C/C=C\C/C=C\CCCC(=O)OC(C/C=C\CCCCCCCCOC(=O)CCN(CCCn1ccnc1)CCC(=O)OCCCCCCCC/C=C\CC(CCCCCC)OC(=O)CCC/C=C\C/C=C\C/C=C\C/C=C\CCCCC)CCCCCC,mRNA,-2.032317466,-0.269001299739662,10.0,30.82751055,17.06023492,49.45365223,2.658602296,0.02,0,0,0,1,0,0,0,0,0,0,0,0,1,0,0,0,0,0,0,0,0,0,0,0,0,0,0,0,1,0,0,0,0,0,0,0,0,0,1,0,1,0,0,1,0,1,0,0,0,0,0,0,0,0,0,0,0,0,0,0,0,0,0,0,0,0,1,0,0,0,1,0,0,0,1,0,0,0,0,1,0,0,0,0,0,1
3d92cf81dcaded6a,test:01262,LNP_0011479,JW_2024,RM_branched_ester_M71_R15,CCCCC/C=C\C/C=C\C/C=C\C/C=C\CCCC(=O)OC(C/C=C\CCCCCCCCOC(=O)CCN(CCCn1ccnc1)CCC(=O)OCCCCCCCC/C=C\CC(CCCCCC)OC(=O)CCC/C=C\C/C=C\C/C=C\C/C=C\CCCCC)CCCCCC,mRNA,-1.051876148,-0.2692183528749728,10.0,27.99004062,17.73988155,51.51158162,2.758496216,0.02,0,0,0,1,0,0,0,0,0,0,0,0,1,0,0,0,0,0,0,0,0,0,0,0,0,0,0,0,1,0,0,0,0,0,0,0,0,0,1,0,1,0,0,1,0,1,0,0,0,0,0,0,0,0,0,0,0,0,0,0,0,0,0,0,0,0,1,0,0,0,1,0,0,0,1,0,0,0,0,1,0,0,0,0,0,1
3da3a4d16363c76e,test:01405,LNP_0012152,JW_2024,IR_red_amin_IRh18_IRt8,CCCCCCCCCCCCCCCC(=O)OCCCCCC(O)C(CCCCOC(=O)CCCCCCCCCCCCCCC)CN(C)Cc1cccnc1,mRNA,-1.561777199,-1.1378454086123977,10.0,42.91167532,14.07987826,40.8142916,2.194154818,0.02,0,0,0,1,0,0,0,0,0,0,0,0,1,0,0,0,0,0,0,0,0,0,0,0,0,0,0,0,1,0,0,0,0,0,0,0,0,0,1,0,1,0,0,1,0,1,0,0,0,0,0,0,0,0,0,0,0,0,0,0,0,0,0,0,0,0,1,0,0,0,1,0,0,0,1,0,0,0,0,1,0,0,0,0,0,1
3da3a4d16363c76e,test:01408,LNP_0012155,JW_2024,IR_red_amin_IRh18_IRt8,CCCCCCCCCCCCCCCC(=O)OCCCCCC(O)C(CCCCOC(=O)CCCCCCCCCCCCCCC)CN(C)Cc1cccnc1,mRNA,-1.831243795,-1.1265105566704363,10.0,39.59866931,14.88005911,43.20746883,2.313802751,0.02,0,0,0,1,0,0,0,0,0,0,0,0,1,0,0,0,0,0,0,0,0,0,0,0,0,0,0,0,1,0,0,0,0,0,0,0,0,0,1,0,1,0,0,1,0,1,0,0,0,0,0,0,0,0,0,0,0,0,0,0,0,0,0,0,0,0,1,0,0,0,1,0,0,0,1,0,0,0,0,1,0,0,0,0,0,1
4508b50a7915f54a,test:01396,LNP_0012091,JW_2024,IR_red_amin_IRh18_IRt12,CCCCC/C=C\C/C=C\CCCCCCCC(=O)OCCCCCC(O)C(CCCCOC(=O)CCCCCCC/C=C\C/C=C\CCCCC)CN(C)Cc1cccnc1,mRNA,-2.125207355,-2.1029721747719137,5.0,66.44355402,8.401448146,20.95037949,4.204618343,0.02,0,0,0,0,1,0,0,0,0,0,0,0,1,0,0,0,0,0,0,0,0,0,0,0,0,0,0,0,1,0,0,0,0,0,0,0,0,0,1,0,1,0,0,1,0,1,0,0,0,0,0,0,0,0,0,0,0,0,0,0,0,0,0,0,0,0,1,0,0,0,1,0,0,0,1,0,0,0,0,1,0,0,0,0,0,1
4508b50a7915f54a,test:01400,LNP_0012095,JW_2024,IR_red_amin_IRh18_IRt12,CCCCC/C=C\C/C=C\CCCCCCCC(=O)OCCCCCC(O)C(CCCCOC(=O)CCCCCCC/C=C\C/C=C\CCCCC)CN(C)Cc1cccnc1,mRNA,-1.406629764,-1.9219181568662824,5.0,44.73561695,17.81483956,32.96987988,4.479663607,0.02,0,0,0,0,1,0,0,0,0,0,0,0,1,0,0,0,0,0,0,0,0,0,0,0,0,0,0,0,1,0,0,0,0,0,0,0,0,0,1,0,1,0,0,1,0,1,0,0,0,0,0,0,0,0,0,0,0,0,0,0,0,0,0,0,0,0,1,0,0,0,1,0,0,0,1,0,0,0,0,1,0,0,0,0,0,1
4a57c1fa1d6c246d,test:01217,LNP_0011282,JW_2024,RM_branched_ester_M71_R5,CCCCCCCCCCCCCCCCCC(=O)OC(C/C=C\CCCCCCCCOC(=O)CCN(CCCn1ccnc1)CCC(=O)OCCCCCCCC/C=C\CC(CCCCCC)OC(=O)CCCCCCCCCCCCCCCCC)CCCCCC,mRNA,-1.564583993,-0.3555022580037557,10.0,31.46019226,16.90419458,49.00132759,2.634285561,0.02,0,0,0,1,0,0,0,0,0,0,0,0,1,0,0,0,0,0,0,0,0,0,0,0,0,0,0,0,1,0,0,0,0,0,0,0,0,0,1,0,1,0,0,1,0,1,0,0,0,0,0,0,0,0,0,0,0,0,0,0,0,0,0,0,0,0,1,0,0,0,1,0,0,0,1,0,0,0,0,1,0,0,0,0,0,1
4a57c1fa1d6c246d,test:01220,LNP_0011285,JW_2024,RM_branched_ester_M71_R5,CCCCCCCCCCCCCCCCCC(=O)OC(C/C=C\CCCCCCCCOC(=O)CCN(CCCn1ccnc1)CCC(=O)OCCCCCCCC/C=C\CC(CCCCCC)OC(=O)CCCCCCCCCCCCCCCCC)CCCCCC,mRNA,-0.943937655,-0.3536263157254321,10.0,28.58855596,17.5924354,51.08343984,2.7355688,0.02,0,0,0,1,0,0,0,0,0,0,0,0,1,0,0,0,0,0,0,0,0,0,0,0,0,0,0,0,1,0,0,0,0,0,0,0,0,0,1,0,1,0,0,1,0,1,0,0,0,0,0,0,0,0,0,0,0,0,0,0,0,0,0,0,0,0,1,0,0,0,1,0,0,0,1,0,0,0,0,1,0,0,0,0,0,1
4ee6e6db4b3f734d,test:01342,LNP_0012037,JW_2024,IR_red_amin_IRh18_IRt11,CCCCCCCC/C=C\CCCCCCCC(=O)OCCCCCC(O)C(CCCCOC(=O)CCCCCCC/C=C\CCCCCCCC)CN(C)Cc1cccnc1,mRNA,-1.226985367,-1.345336925855826,15.0,47.41511109,25.46212977,22.61375719,4.509001952,0.02,0,0,0,1,0,0,0,0,0,0,0,0,1,0,0,0,0,0,0,0,0,0,0,0,0,0,0,0,1,0,0,0,0,0,0,0,0,0,1,0,1,0,0,1,0,1,0,0,0,0,0,0,0,0,0,0,0,0,0,0,0,0,0,0,0,0,1,0,0,0,1,0,0,0,1,0,0,0,0,1,0,0,0,0,0,1
4ee6e6db4b3f734d,test:01346,LNP_0012041,JW_2024,IR_red_amin_IRh18_IRt11,CCCCCCCC/C=C\CCCCCCCC(=O)OCCCCCC(O)C(CCCCOC(=O)CCCCCCC/C=C\CCCCCCCC)CN(C)Cc1cccnc1,mRNA,-1.006512697,-0.9941595577017336,15.0,50.73747101,26.42232754,21.95543751,0.884763948,0.02,0,0,0,1,0,0,0,0,0,0,0,0,1,0,0,0,0,0,0,0,0,0,0,0,0,0,0,0,1,0,0,0,0,0,0,0,0,0,1,0,1,0,0,1,0,1,0,0,0,0,0,0,0,0,0,0,0,0,0,0,0,0,0,0,0,0,1,0,0,0,1,0,0,0,1,0,0,0,0,1,0,0,0,0,0,1
52b38a889de2b5b9,test:01356,LNP_0012051,JW_2024,IR_red_amin_IRh20_IRt8,CCCCCCCCCCCCCCCC(=O)OCCCCCC(O)C(CCCCOC(=O)CCCCCCCCCCCCCCC)CN(C)CCCn1cccn1,mRNA,-0.598229974,-1.1000655768361816,15.0,48.44433922,24.96376721,22.17114496,4.420748621,0.02,0,0,0,1,0,0,0,0,0,0,0,0,1,0,0,0,0,0,0,0,0,0,0,0,0,0,0,0,1,0,0,0,0,0,0,0,0,0,1,0,1,0,0,1,0,1,0,0,0,0,0,0,0,0,0,0,0,0,0,0,0,0,0,0,0,0,1,0,0,0,1,0,0,0,1,0,0,0,0,1,0,0,0,0,0,1
52b38a889de2b5b9,test:01360,LNP_0012055,JW_2024,IR_red_amin_IRh20_IRt8,CCCCCCCCCCCCCCCC(=O)OCCCCCC(O)C(CCCCOC(=O)CCCCCCCCCCCCCCC)CN(C)CCCn1cccn1,mRNA,-0.214444216,-0.7163497114238655,15.0,51.76781971,25.86969227,21.49622932,0.866258698,0.02,0,0,0,1,0,0,0,0,0,0,0,0,1,0,0,0,0,0,0,0,0,0,0,0,0,0,0,0,1,0,0,0,0,0,0,0,0,0,1,0,1,0,0,1,0,1,0,0,0,0,0,0,0,0,0,0,0,0,0,0,0,0,0,0,0,0,1,0,0,0,1,0,0,0,1,0,0,0,0,1,0,0,0,0,0,1
52b38a889de2b5b9,test:01361,LNP_0012056,JW_2024,IR_red_amin_IRh20_IRt8,CCCCCCCCCCCCCCCC(=O)OCCCCCC(O)C(CCCCOC(=O)CCCCCCCCCCCCCCC)CN(C)CCCn1cccn1,mRNA,0.765434318,-0.6268272856500964,15.0,33.35395545,18.38879305,45.51997116,2.73728034,0.02,0,0,0,1,0,0,0,0,0,0,0,0,1,0,0,0,0,0,0,0,0,0,0,0,0,0,0,0,1,0,0,0,0,0,0,0,0,0,1,0,1,0,0,1,0,1,0,0,0,0,0,0,0,0,0,0,0,0,0,0,0,0,0,0,0,0,1,0,0,0,1,0,0,0,1,0,0,0,0,1,0,0,0,0,0,1
52b38a889de2b5b9,test:01363,LNP_0012058,JW_2024,IR_red_amin_IRh20_IRt8,CCCCCCCCCCCCCCCC(=O)OCCCCCC(O)C(CCCCOC(=O)CCCCCCCCCCCCCCC)CN(C)CCCn1cccn1,mRNA,0.030525418,-0.709006357401274,15.0,67.22453262,8.162551791,20.52394592,4.088969671,0.02,0,0,0,1,0,0,0,0,0,0,0,0,1,0,0,0,0,0,0,0,0,0,0,0,0,0,0,0,1,0,0,0,0,0,0,0,0,0,1,0,1,0,0,1,0,1,0,0,0,0,0,0,0,0,0,0,0,0,0,0,0,0,0,0,0,0,1,0,0,0,1,0,0,0,1,0,0,0,0,1,0,0,0,0,0,1
52b38a889de2b5b9,test:01366,LNP_0012061,JW_2024,IR_red_amin_IRh20_IRt8,CCCCCCCCCCCCCCCC(=O)OCCCCCC(O)C(CCCCOC(=O)CCCCCCCCCCCCCCC)CN(C)CCCn1cccn1,mRNA,0.969575679,-0.1743480400354546,15.0,46.62080109,8.764791229,43.75136356,0.863044119,0.02,0,0,0,1,0,0,0,0,0,0,0,0,1,0,0,0,0,0,0,0,0,0,0,0,0,0,0,0,1,0,0,0,0,0,0,0,0,0,1,0,1,0,0,1,0,1,0,0,0,0,0,0,0,0,0,0,0,0,0,0,0,0,0,0,0,0,1,0,0,0,1,0,0,0,1,0,0,0,0,1,0,0,0,0,0,1
53291e0a20ea0e3e,test:01196,LNP_0011261,JW_2024,RM_branched_ester_M71_R14,CCCCCC/C=C\CCC(=O)OC(C/C=C\CCCCCCCCOC(=O)CCN(CCCn1ccnc1)CCC(=O)OCCCCCCCC/C=C\CC(CCCCCC)OC(=O)CC/C=C\CCCCCC)CCCCCC,mRNA,-1.933373846,-1.4829946840020154,5.0,60.10350971,9.988790068,24.90867514,4.999025075,0.02,0,0,0,0,1,0,0,0,0,0,0,0,1,0,0,0,0,0,0,0,0,0,0,0,0,0,0,0,1,0,0,0,0,0,0,0,0,0,1,0,1,0,0,1,0,1,0,0,0,0,0,0,0,0,0,0,0,0,0,0,0,0,0,0,0,0,1,0,0,0,1,0,0,0,1,0,0,0,0,1,0,0,0,0,0,1
53291e0a20ea0e3e,test:01200,LNP_0011265,JW_2024,RM_branched_ester_M71_R14,CCCCCC/C=C\CCC(=O)OC(C/C=C\CCCCCCCCOC(=O)CCN(CCCn1ccnc1)CCC(=O)OCCCCCCCC/C=C\CC(CCCCCC)OC(=O)CC/C=C\CCCCCC)CCCCCC,mRNA,-1.573578868,-1.059626369200252,5.0,38.11422988,19.94928749,36.92009745,5.016385182,0.02,0,0,0,0,1,0,0,0,0,0,0,0,1,0,0,0,0,0,0,0,0,0,0,0,0,0,0,0,1,0,0,0,0,0,0,0,0,0,1,0,1,0,0,1,0,1,0,0,0,0,0,0,0,0,0,0,0,0,0,0,0,0,0,0,0,0,1,0,0,0,1,0,0,0,1,0,0,0,0,1,0,0,0,0,0,1
53345bfba556e242,test:01436,LNP_0012379,JW_2024,IR_red_amin_IRh39_IRt11,CCCCCCCC/C=C\CCCCCCCC(=O)OCCCCCC(O)C(CCCCOC(=O)CCCCCCC/C=C\CCCCCCCC)CN1CCCC[C@H]1CO,mRNA,-0.0021372,0.7669644023863348,15.0,32.62129806,18.59094586,46.0203841,2.767371978,0.02,0,0,0,1,0,0,0,0,0,0,0,0,1,0,0,0,0,0,0,0,0,0,0,0,0,0,0,0,1,0,0,0,0,0,0,0,0,0,1,0,1,0,0,1,0,1,0,0,0,0,0,0,0,0,0,0,0,0,0,0,0,0,0,0,0,0,1,0,0,0,1,0,0,0,1,0,0,0,0,1,0,0,0,0,0,1
53345bfba556e242,test:01437,LNP_0012380,JW_2024,IR_red_amin_IRh39_IRt11,CCCCCCCC/C=C\CCCCCCCC(=O)OCCCCCC(O)C(CCCCOC(=O)CCCCCCC/C=C\CCCCCCCC)CN1CCCC[C@H]1CO,mRNA,0.651115156,0.6397335657668144,15.0,66.49013473,8.34544959,20.98382472,4.180590965,0.02,0,0,0,1,0,0,0,0,0,0,0,0,1,0,0,0,0,0,0,0,0,0,0,0,0,0,0,0,1,0,0,0,0,0,0,0,0,0,1,0,1,0,0,1,0,1,0,0,0,0,0,0,0,0,0,0,0,0,0,0,0,0,0,0,0,0,1,0,0,0,1,0,0,0,1,0,0,0,0,1,0,0,0,0,0,1
53345bfba556e242,test:01440,LNP_0012383,JW_2024,IR_red_amin_IRh39_IRt11,CCCCCCCC/C=C\CCCCCCCC(=O)OCCCCCC(O)C(CCCCOC(=O)CCCCCCC/C=C\CCCCCCCC)CN1CCCC[C@H]1CO,mRNA,0.985906988,1.2100848493464793,15.0,45.79697757,8.90006192,44.42659667,0.87636384,0.02,0,0,0,1,0,0,0,0,0,0,0,0,1,0,0,0,0,0,0,0,0,0,0,0,0,0,0,0,1,0,0,0,0,0,0,0,0,0,1,0,1,0,0,1,0,1,0,0,0,0,0,0,0,0,0,0,0,0,0,0,0,0,0,0,0,0,1,0,0,0,1,0,0,0,1,0,0,0,0,1,0,0,0,0,0,1
533b3cb410f159e6,test:01409,LNP_0012156,JW_2024,IR_red_amin_IRh18_IRt8,CCCCCCCCCCCCCCCC(=O)OCCCCCC(O)C(CCCCOC(=O)CCCCCCCCCCCCCCC)CN(C)Cc1cccnc1,mRNA,-2.100710392,-1.6892016931394305,5.0,42.84246033,8.784914063,43.98858927,4.384036336,0.02,0,0,0,1,0,0,0,0,0,0,0,0,1,0,0,0,0,0,0,0,0,0,0,0,0,0,0,0,1,0,0,0,0,0,0,0,0,0,1,0,1,0,0,1,0,1,0,0,0,0,0,0,0,0,0,0,0,0,0,0,0,0,0,0,0,0,1,0,0,0,1,0,0,0,1,0,0,0,0,1,0,0,0,0,0,1
533b3cb410f159e6,test:01410,LNP_0012157,JW_2024,IR_red_amin_IRh18_IRt8,CCCCCCCCCCCCCCCC(=O)OCCCCCC(O)C(CCCCOC(=O)CCCCCCCCCCCCCCC)CN(C)Cc1cccnc1,mRNA,-2.737631439,-1.583496460028949,5.0,67.69621907,8.080236807,23.41672247,0.806821654,0.02,0,0,0,1,0,0,0,0,0,0,0,0,1,0,0,0,0,0,0,0,0,0,0,0,0,0,0,0,1,0,0,0,0,0,0,0,0,0,1,0,1,0,0,1,0,1,0,0,0,0,0,0,0,0,0,0,0,0,0,0,0,0,0,0,0,0,1,0,0,0,1,0,0,0,1,0,0,0,0,1,0,0,0,0,0,1
533b3cb410f159e6,test:01411,LNP_0012158,JW_2024,IR_red_amin_IRh18_IRt8,CCCCCCCCCCCCCCCC(=O)OCCCCCC(O)C(CCCCOC(=O)CCCCCCCCCCCCCCC)CN(C)Cc1cccnc1,mRNA,-1.512783272,-1.0956665699669283,5.0,25.85162583,27.83010493,45.40027423,0.917995014,0.02,0,0,0,1,0,0,0,0,0,0,0,0,1,0,0,0,0,0,0,0,0,0,0,0,0,0,0,0,1,0,0,0,0,0,0,0,0,0,1,0,1,0,0,1,0,1,0,0,0,0,0,0,0,0,0,0,0,0,0,0,0,0,0,0,0,0,1,0,0,0,1,0,0,0,1,0,0,0,0,1,0,0,0,0,0,1
533b3cb410f159e6,test:01417,LNP_0012164,JW_2024,IR_red_amin_IRh18_IRt8,CCCCCCCCCCCCCCCC(=O)OCCCCCC(O)C(CCCCOC(=O)CCCCCCCCCCCCCCC)CN(C)Cc1cccnc1,mRNA,-1.896569031,-1.8774406685236131,5.0,48.22552212,25.89462182,21.55854531,4.321310751,0.02,0,0,0,1,0,0,0,0,0,0,0,0,1,0,0,0,0,0,0,0,0,0,0,0,0,0,0,0,1,0,0,0,0,0,0,0,0,0,1,0,1,0,0,1,0,1,0,0,0,0,0,0,0,0,0,0,0,0,0,0,0,0,0,0,0,0,1,0,0,0,1,0,0,0,1,0,0,0,0,1,0,0,0,0,0,1
5a500d8b5d9e0629,test:01252,LNP_0011393,JW_2024,RM_branched_ester_M71_R7,CCCCC/C=C\C/C=C\CCCCCCCC(=O)OC(C/C=C\CCCCCCCCOC(=O)CCN(CCCn1ccnc1)CCC(=O)OCCCCCCCC/C=C\CC(CCCCCC)OC(=O)CCCCCCC/C=C\C/C=C\CCCCC)CCCCCC,mRNA,-2.356132947,-1.5136229236886416,5.0,56.29642968,10.94195971,27.2855589,5.476051711,0.02,0,0,0,0,1,0,0,0,0,0,0,0,1,0,0,0,0,0,0,0,0,0,0,0,0,0,0,0,1,0,0,0,0,0,0,0,0,0,1,0,1,0,0,1,0,1,0,0,0,0,0,0,0,0,0,0,0,0,0,0,0,0,0,0,0,0,1,0,0,0,1,0,0,0,1,0,0,0,0,1,0,0,0,0,0,1
5a500d8b5d9e0629,test:01256,LNP_0011397,JW_2024,RM_branched_ester_M71_R7,CCCCC/C=C\C/C=C\CCCCCCCC(=O)OC(C/C=C\CCCCCCCCOC(=O)CCN(CCCn1ccnc1)CCC(=O)OCCCCCCCC/C=C\CC(CCCCCC)OC(=O)CCCCCCC/C=C\C/C=C\CCCCC)CCCCCC,mRNA,-1.645537863,-1.1114415121396404,5.0,34.49569954,21.11574469,39.07885692,5.309698845,0.02,0,0,0,0,1,0,0,0,0,0,0,0,1,0,0,0,0,0,0,0,0,0,0,0,0,0,0,0,1,0,0,0,0,0,0,0,0,0,1,0,1,0,0,1,0,1,0,0,0,0,0,0,0,0,0,0,0,0,0,0,0,0,0,0,0,0,1,0,0,0,1,0,0,0,1,0,0,0,0,1,0,0,0,0,0,1
715267b2307d9c95,test:01341,LNP_0012036,JW_2024,IR_red_amin_IRh18_IRt11,CCCCCCCC/C=C\CCCCCCCC(=O)OCCCCCC(O)C(CCCCOC(=O)CCCCCCC/C=C\CCCCCCCC)CN(C)Cc1cccnc1,mRNA,-1.202488403,-0.8677776980611368,15.0,57.34256307,8.686002172,31.3848419,2.586592859,0.02,0,0,0,0,1,0,0,0,0,0,0,0,1,0,0,0,0,0,0,0,0,0,0,0,0,0,0,0,1,0,0,0,0,0,0,0,0,0,1,0,1,0,0,1,0,1,0,0,0,0,0,0,0,0,0,0,0,0,0,0,0,0,0,0,0,0,1,0,0,0,1,0,0,0,1,0,0,0,0,1,0,0,0,0,0,1
715267b2307d9c95,test:01343,LNP_0012038,JW_2024,IR_red_amin_IRh18_IRt11,CCCCCCCC/C=C\CCCCCCCC(=O)OCCCCCC(O)C(CCCCOC(=O)CCCCCCC/C=C\CCCCCCCC)CN(C)Cc1cccnc1,mRNA,-0.410419922,-0.6543653085024603,15.0,66.29750481,11.77605649,21.07802516,0.84841354,0.02,0,0,0,0,1,0,0,0,0,0,0,0,1,0,0,0,0,0,0,0,0,0,0,0,0,0,0,0,1,0,0,0,0,0,0,0,0,0,1,0,1,0,0,1,0,1,0,0,0,0,0,0,0,0,0,0,0,0,0,0,0,0,0,0,0,0,1,0,0,0,1,0,0,0,1,0,0,0,0,1,0,0,0,0,0,1
74a51ffd75454f9c,test:01355,LNP_0012050,JW_2024,IR_red_amin_IRh20_IRt8,CCCCCCCCCCCCCCCC(=O)OCCCCCC(O)C(CCCCOC(=O)CCCCCCCCCCCCCCC)CN(C)CCCn1cccn1,mRNA,0.887919134,-0.5090328578358213,15.0,58.34817327,8.481237587,30.64497285,2.52561629,0.02,0,0,0,0,1,0,0,0,0,0,0,0,1,0,0,0,0,0,0,0,0,0,0,0,0,0,0,0,1,0,0,0,0,0,0,0,0,0,1,0,1,0,0,1,0,1,0,0,0,0,0,0,0,0,0,0,0,0,0,0,0,0,0,0,0,0,1,0,0,0,1,0,0,0,1,0,0,0,0,1,0,0,0,0,0,1
74a51ffd75454f9c,test:01357,LNP_0012052,JW_2024,IR_red_amin_IRh20_IRt8,CCCCCCCCCCCCCCCC(=O)OCCCCCC(O)C(CCCCOC(=O)CCCCCCCCCCCCCCC)CN(C)CCCn1cccn1,mRNA,1.132888768,-0.3056915319009001,15.0,67.21271563,11.45627084,20.50563915,0.825374377,0.02,0,0,0,0,1,0,0,0,0,0,0,0,1,0,0,0,0,0,0,0,0,0,0,0,0,0,0,0,1,0,0,0,0,0,0,0,0,0,1,0,1,0,0,1,0,1,0,0,0,0,0,0,0,0,0,0,0,0,0,0,0,0,0,0,0,0,1,0,0,0,1,0,0,0,1,0,0,0,0,1,0,0,0,0,0,1
74a51ffd75454f9c,test:01364,LNP_0012059,JW_2024,IR_red_amin_IRh20_IRt8,CCCCCCCCCCCCCCCC(=O)OCCCCCC(O)C(CCCCOC(=O)CCCCCCCCCCCCCCC)CN(C)CCCn1cccn1,mRNA,0.046856727,-0.7611503453397014,15.0,42.36591479,8.884730973,44.32389316,4.425461078,0.02,0,0,0,0,1,0,0,0,0,0,0,0,1,0,0,0,0,0,0,0,0,0,0,0,0,0,0,0,1,0,0,0,0,0,0,0,0,0,1,0,1,0,0,1,0,1,0,0,0,0,0,0,0,0,0,0,0,0,0,0,0,0,0,0,0,0,1,0,0,0,1,0,0,0,1,0,0,0,0,1,0,0,0,0,0,1
771abdd20234d9b7,test:01351,LNP_0012046,JW_2024,IR_red_amin_IRh20_IRt8,CCCCCCCCCCCCCCCC(=O)OCCCCCC(O)C(CCCCOC(=O)CCCCCCCCCCCCCCC)CN(C)CCCn1cccn1,mRNA,-0.835033953,-1.4174164962229054,5.0,42.33697985,8.862604646,44.37760835,4.422807158,0.02,0,0,0,1,0,0,0,0,0,0,0,0,1,0,0,0,0,0,0,0,0,0,0,0,0,0,0,0,1,0,0,0,0,0,0,0,0,0,1,0,1,0,0,1,0,1,0,0,0,0,0,0,0,0,0,0,0,0,0,0,0,0,0,0,0,0,1,0,0,0,1,0,0,0,1,0,0,0,0,1,0,0,0,0,0,1
771abdd20234d9b7,test:01352,LNP_0012047,JW_2024,IR_red_amin_IRh20_IRt8,CCCCCCCCCCCCCCCC(=O)OCCCCCC(O)C(CCCCOC(=O)CCCCCCCCCCCCCCC)CN(C)CCCn1cccn1,mRNA,-0.010302854,-1.306865326264336,5.0,67.24247804,8.193732344,23.74563529,0.818154324,0.02,0,0,0,1,0,0,0,0,0,0,0,0,1,0,0,0,0,0,0,0,0,0,0,0,0,0,0,0,1,0,0,0,0,0,0,0,0,0,1,0,1,0,0,1,0,1,0,0,0,0,0,0,0,0,0,0,0,0,0,0,0,0,0,0,0,0,1,0,0,0,1,0,0,0,1,0,0,0,0,1,0,0,0,0,0,1
771abdd20234d9b7,test:01353,LNP_0012048,JW_2024,IR_red_amin_IRh20_IRt8,CCCCCCCCCCCCCCCC(=O)OCCCCCC(O)C(CCCCOC(=O)CCCCCCCCCCCCCCC)CN(C)CCCn1cccn1,mRNA,0.651115156,-0.8360577808438499,5.0,25.45732705,27.97809706,45.64169925,0.922876636,0.02,0,0,0,1,0,0,0,0,0,0,0,0,1,0,0,0,0,0,0,0,0,0,0,0,0,0,0,0,1,0,0,0,0,0,0,0,0,0,1,0,1,0,0,1,0,1,0,0,0,0,0,0,0,0,0,0,0,0,0,0,0,0,0,0,0,0,1,0,0,0,1,0,0,0,1,0,0,0,0,1,0,0,0,0,0,1
771abdd20234d9b7,test:01359,LNP_0012054,JW_2024,IR_red_amin_IRh20_IRt8,CCCCCCCCCCCCCCCC(=O)OCCCCCC(O)C(CCCCOC(=O)CCCCCCCCCCCCCCC)CN(C)CCCn1cccn1,mRNA,-0.622726938,-1.6152211267677965,5.0,47.70954318,26.15268486,21.77339548,4.364376475,0.02,0,0,0,1,0,0,0,0,0,0,0,0,1,0,0,0,0,0,0,0,0,0,0,0,0,0,0,0,1,0,0,0,0,0,0,0,0,0,1,0,1,0,0,1,0,1,0,0,0,0,0,0,0,0,0,0,0,0,0,0,0,0,0,0,0,0,1,0,0,0,1,0,0,0,1,0,0,0,0,1,0,0,0,0,0,1
79433c130bb0e596,test:01212,LNP_0011277,JW_2024,RM_branched_ester_M71_R10,CCCCCCCCCCCC(=O)OC(C/C=C\CCCCCCCCOC(=O)CCN(CCCn1ccnc1)CCC(=O)OCCCCCCCC/C=C\CC(CCCCCC)OC(=O)CCCCCCCCCCC)CCCCCC,mRNA,-1.069865897,-0.7540603189233385,15.0,40.12989928,28.98970228,25.74671067,5.133687768,0.02,0,0,0,1,0,0,0,0,0,0,0,0,1,0,0,0,0,0,0,0,0,0,0,0,0,0,0,0,1,0,0,0,0,0,0,0,0,0,1,0,1,0,0,1,0,1,0,0,0,0,0,0,0,0,0,0,0,0,0,0,0,0,0,0,0,0,1,0,0,0,1,0,0,0,1,0,0,0,0,1,0,0,0,0,0,1
79433c130bb0e596,test:01216,LNP_0011281,JW_2024,RM_branched_ester_M71_R10,CCCCCCCCCCCC(=O)OC(C/C=C\CCCCCCCCOC(=O)CCN(CCCn1ccnc1)CCC(=O)OCCCCCCCC/C=C\CC(CCCCCC)OC(=O)CCCCCCCCCCC)CCCCCC,mRNA,0.207406277,-0.381974517902473,15.0,43.36273437,30.37782294,25.24222714,1.017215554,0.02,0,0,0,1,0,0,0,0,0,0,0,0,1,0,0,0,0,0,0,0,0,0,0,0,0,0,0,0,1,0,0,0,0,0,0,0,0,0,1,0,1,0,0,1,0,1,0,0,0,0,0,0,0,0,0,0,0,0,0,0,0,0,0,0,0,0,1,0,0,0,1,0,0,0,1,0,0,0,0,1,0,0,0,0,0,1
7a1a79982c585303,test:01389,LNP_0012084,JW_2024,IR_red_amin_IRh18_IRt12,CCCCC/C=C\C/C=C\CCCCCCCC(=O)OCCCCCC(O)C(CCCCOC(=O)CCCCCCC/C=C\C/C=C\CCCCC)CN(C)Cc1cccnc1,mRNA,-1.978225575,-1.3040784257507254,10.0,41.51510305,14.4243194,41.81274633,2.247831219,0.02,0,0,0,1,0,0,0,0,0,0,0,0,1,0,0,0,0,0,0,0,0,0,0,0,0,0,0,0,1,0,0,0,0,0,0,0,0,0,1,0,1,0,0,1,0,1,0,0,0,0,0,0,0,0,0,0,0,0,0,0,0,0,0,0,0,0,1,0,0,0,1,0,0,0,1,0,0,0,0,1,0,0,0,0,0,1
7a1a79982c585303,test:01392,LNP_0012087,JW_2024,IR_red_amin_IRh18_IRt12,CCCCC/C=C\C/C=C\CCCCCCCC(=O)OCCCCCC(O)C(CCCCOC(=O)CCCCCCC/C=C\C/C=C\CCCCC)CN(C)Cc1cccnc1,mRNA,-1.471955,-1.301638596525142,10.0,38.2377002,15.21533816,44.18102404,2.365937597,0.02,0,0,0,1,0,0,0,0,0,0,0,0,1,0,0,0,0,0,0,0,0,0,0,0,0,0,0,0,1,0,0,0,0,0,0,0,0,0,1,0,1,0,0,1,0,1,0,0,0,0,0,0,0,0,0,0,0,0,0,0,0,0,0,0,0,0,1,0,0,0,1,0,0,0,1,0,0,0,0,1,0,0,0,0,0,1
821ebeb94ca60b4d,test:01316,LNP_0012011,JW_2024,IR_red_amin_IRh20_IRt11,CCCCCCCC/C=C\CCCCCCCC(=O)OCCCCCC(O)C(CCCCOC(=O)CCCCCCC/C=C\CCCCCCCC)CN(C)CCCn1cccn1,mRNA,-1.365801492,-1.8296579881270532,5.0,65.904027,8.536528252,21.28722374,4.272221009,0.02,0,0,0,0,1,0,0,0,0,0,0,0,1,0,0,0,0,0,0,0,0,0,0,0,0,0,0,0,1,0,0,0,0,0,0,0,0,0,1,0,1,0,0,1,0,1,0,0,0,0,0,0,0,0,0,0,0,0,0,0,0,0,0,0,0,0,1,0,0,0,1,0,0,0,1,0,0,0,0,1,0,0,0,0,0,1
821ebeb94ca60b4d,test:01320,LNP_0012015,JW_2024,IR_red_amin_IRh20_IRt11,CCCCCCCC/C=C\CCCCCCCC(=O)OCCCCCC(O)C(CCCCOC(=O)CCCCCCC/C=C\CCCCCCCC)CN(C)CCCn1cccn1,mRNA,0.120347617,-1.438226643677888,5.0,44.14049251,18.00668186,33.32492196,4.52790367,0.02,0,0,0,0,1,0,0,0,0,0,0,0,1,0,0,0,0,0,0,0,0,0,0,0,0,0,0,0,1,0,0,0,0,0,0,0,0,0,1,0,1,0,0,1,0,1,0,0,0,0,0,0,0,0,0,0,0,0,0,0,0,0,0,0,0,0,1,0,0,0,1,0,0,0,1,0,0,0,0,1,0,0,0,0,0,1
821ebeb94ca60b4d,test:01324,LNP_0012019,JW_2024,IR_red_amin_IRh20_IRt11,CCCCCCCC/C=C\CCCCCCCC(=O)OCCCCCC(O)C(CCCCOC(=O)CCCCCCC/C=C\CCCCCCCC)CN(C)CCCn1cccn1,mRNA,-0.549236048,-1.0838951182555263,5.0,24.33816939,28.38996396,42.52893019,4.742936466,0.02,0,0,0,0,1,0,0,0,0,0,0,0,1,0,0,0,0,0,0,0,0,0,0,0,0,0,0,0,1,0,0,0,0,0,0,0,0,0,1,0,1,0,0,1,0,1,0,0,0,0,0,0,0,0,0,0,0,0,0,0,0,0,0,0,0,0,1,0,0,0,1,0,0,0,1,0,0,0,0,1,0,0,0,0,0,1
821ebeb94ca60b4d,test:01327,LNP_0012022,JW_2024,IR_red_amin_IRh20_IRt11,CCCCCCCC/C=C\CCCCCCCC(=O)OCCCCCC(O)C(CCCCOC(=O)CCCCCCC/C=C\CCCCCCCC)CN(C)CCCn1cccn1,mRNA,1.239042276,-0.9058902338226597,5.0,50.26647367,26.62387966,22.22929172,0.880354948,0.02,0,0,0,0,1,0,0,0,0,0,0,0,1,0,0,0,0,0,0,0,0,0,0,0,0,0,0,0,1,0,0,0,0,0,0,0,0,0,1,0,1,0,0,1,0,1,0,0,0,0,0,0,0,0,0,0,0,0,0,0,0,0,0,0,0,0,1,0,0,0,1,0,0,0,1,0,0,0,0,1,0,0,0,0,0,1
821ebeb94ca60b4d,test:01329,LNP_0012024,JW_2024,IR_red_amin_IRh20_IRt11,CCCCCCCC/C=C\CCCCCCCC(=O)OCCCCCC(O)C(CCCCOC(=O)CCCCCCC/C=C\CCCCCCCC)CN(C)CCCn1cccn1,mRNA,0.700109082,-0.5620807390962144,5.0,45.0644822,8.974112366,45.05488034,0.906525099,0.02,0,0,0,0,1,0,0,0,0,0,0,0,1,0,0,0,0,0,0,0,0,0,0,0,0,0,0,0,1,0,0,0,0,0,0,0,0,0,1,0,1,0,0,1,0,1,0,0,0,0,0,0,0,0,0,0,0,0,0,0,0,0,0,0,0,0,1,0,0,0,1,0,0,0,1,0,0,0,0,1,0,0,0,0,0,1
821ebeb94ca60b4d,test:01330,LNP_0012025,JW_2024,IR_red_amin_IRh20_IRt11,CCCCCCCC/C=C\CCCCCCCC(=O)OCCCCCC(O)C(CCCCOC(=O)CCCCCCC/C=C\CCCCCCCC)CN(C)CCCn1cccn1,mRNA,0.863422171,-0.671646680176096,5.0,24.31880308,25.34559948,47.3165447,3.019052739,0.02,0,0,0,0,1,0,0,0,0,0,0,0,1,0,0,0,0,0,0,0,0,0,0,0,0,0,0,0,1,0,0,0,0,0,0,0,0,0,1,0,1,0,0,1,0,1,0,0,0,0,0,0,0,0,0,0,0,0,0,0,0,0,0,0,0,0,1,0,0,0,1,0,0,0,1,0,0,0,0,1,0,0,0,0,0,1
821ebeb94ca60b4d,test:01378,LNP_0012073,JW_2024,IR_red_amin_IRh20_IRt11,CCCCCCCC/C=C\CCCCCCCC(=O)OCCCCCC(O)C(CCCCOC(=O)CCCCCCC/C=C\CCCCCCCC)CN(C)CCCn1cccn1,mRNA,-0.459413849,-1.8296579881270532,5.0,65.904027,8.536528252,21.28722374,4.272221009,0.02,0,0,0,0,1,0,0,0,0,0,0,0,1,0,0,0,0,0,0,0,0,0,0,0,0,0,0,0,1,0,0,0,0,0,0,0,0,0,1,0,1,0,0,1,0,1,0,0,0,0,0,0,0,0,0,0,0,0,0,0,0,0,0,0,0,0,1,0,0,0,1,0,0,0,1,0,0,0,0,1,0,0,0,0,0,1
821ebeb94ca60b4d,test:01382,LNP_0012077,JW_2024,IR_red_amin_IRh20_IRt11,CCCCCCCC/C=C\CCCCCCCC(=O)OCCCCCC(O)C(CCCCOC(=O)CCCCCCC/C=C\CCCCCCCC)CN(C)CCCn1cccn1,mRNA,0.389814213,-1.438226643677888,5.0,44.14049251,18.00668186,33.32492196,4.52790367,0.02,0,0,0,0,1,0,0,0,0,0,0,0,1,0,0,0,0,0,0,0,0,0,0,0,0,0,0,0,1,0,0,0,0,0,0,0,0,0,1,0,1,0,0,1,0,1,0,0,0,0,0,0,0,0,0,0,0,0,0,0,0,0,0,0,0,0,1,0,0,0,1,0,0,0,1,0,0,0,0,1,0,0,0,0,0,1
821ebeb94ca60b4d,test:01388,LNP_0012083,JW_2024,IR_red_amin_IRh20_IRt11,CCCCCCCC/C=C\CCCCCCCC(=O)OCCCCCC(O)C(CCCCOC(=O)CCCCCCC/C=C\CCCCCCCC)CN(C)CCCn1cccn1,mRNA,0.487802067,-0.9058902338226597,5.0,50.26647367,26.62387966,22.22929172,0.880354948,0.02,0,0,0,0,1,0,0,0,0,0,0,0,1,0,0,0,0,0,0,0,0,0,0,0,0,0,0,0,1,0,0,0,0,0,0,0,0,0,1,0,1,0,0,1,0,1,0,0,0,0,0,0,0,0,0,0,0,0,0,0,0,0,0,0,0,0,1,0,0,0,1,0,0,0,1,0,0,0,0,1,0,0,0,0,0,1
830478ec3252fcbb,test:01398,LNP_0012093,JW_2024,IR_red_amin_IRh18_IRt12,CCCCC/C=C\C/C=C\CCCCCCCC(=O)OCCCCCC(O)C(CCCCOC(=O)CCCCCCC/C=C\C/C=C\CCCCC)CN(C)Cc1cccnc1,mRNA,-1.153494477,-1.593431746705096,15.0,47.53129412,25.40587278,22.5637935,4.499039593,0.02,0,0,0,1,0,0,0,0,0,0,0,0,1,0,0,0,0,0,0,0,0,0,0,0,0,0,0,0,1,0,0,0,0,0,0,0,0,0,1,0,1,0,0,1,0,1,0,0,0,0,0,0,0,0,0,0,0,0,0,0,0,0,0,0,0,0,1,0,0,0,1,0,0,0,1,0,0,0,0,1,0,0,0,0,0,1
830478ec3252fcbb,test:01402,LNP_0012097,JW_2024,IR_red_amin_IRh18_IRt12,CCCCC/C=C\C/C=C\CCCCCCCC(=O)OCCCCCC(O)C(CCCCOC(=O)CCCCCCC/C=C\C/C=C\CCCCC)CN(C)Cc1cccnc1,mRNA,-1.316807565,-1.240824891299359,15.0,50.85392202,26.35986816,21.90353735,0.882672466,0.02,0,0,0,1,0,0,0,0,0,0,0,0,1,0,0,0,0,0,0,0,0,0,0,0,0,0,0,0,1,0,0,0,0,0,0,0,0,0,1,0,1,0,0,1,0,1,0,0,0,0,0,0,0,0,0,0,0,0,0,0,0,0,0,0,0,0,1,0,0,0,1,0,0,0,1,0,0,0,0,1,0,0,0,0,0,1
8c2c694f9f60b99a,test:01289,LNP_0011848,JW_2024,RM_branched_ester_M19_R14,CCCCC/C=C\CCC(=O)OC(C/C=C\CCCCCCCCOC(=O)CCN(CCC(=O)OCCCCCCCC/C=C\CC(CCCCCC)OC(=O)CC/C=C\CCCCC)CCN1CCCCC1)CCCCCC,mRNA,0.621170503,0.350707635270505,5.0,20.39141641,29.87948501,48.74350337,0.985595216,0.02,0,0,0,1,0,0,0,0,0,0,0,0,1,0,0,0,0,0,0,0,0,0,0,0,0,0,0,0,1,0,0,0,0,0,0,0,0,0,1,0,1,0,0,1,0,1,0,0,0,0,0,0,0,0,0,0,0,0,0,0,0,0,0,0,0,0,1,0,0,0,1,0,0,0,1,0,0,0,0,1,0,0,0,0,0,1
8c2c694f9f60b99a,test:01295,LNP_0011854,JW_2024,RM_branched_ester_M19_R14,CCCCC/C=C\CCC(=O)OC(C/C=C\CCCCCCCCOC(=O)CCN(CCC(=O)OCCCCCCCC/C=C\CC(CCCCCC)OC(=O)CC/C=C\CCCCC)CCN1CCCCC1)CCCCCC,mRNA,-0.620122174,-0.5757849492376065,5.0,40.62903939,29.69394642,24.72166977,4.955344427,0.02,0,0,0,1,0,0,0,0,0,0,0,0,1,0,0,0,0,0,0,0,0,0,0,0,0,0,0,0,1,0,0,0,0,0,0,0,0,0,1,0,1,0,0,1,0,1,0,0,0,0,0,0,0,0,0,0,0,0,0,0,0,0,0,0,0,0,1,0,0,0,1,0,0,0,1,0,0,0,0,1,0,0,0,0,0,1
8c35df71273346f0,test:01313,LNP_0012008,JW_2024,IR_red_amin_IRh20_IRt11,CCCCCCCC/C=C\CCCCCCCC(=O)OCCCCCC(O)C(CCCCOC(=O)CCCCCCC/C=C\CCCCCCCC)CN(C)CCCn1cccn1,mRNA,-0.900359189,-1.286302866358729,5.0,40.86278327,9.089183507,45.51215382,4.535879404,0.02,0,0,0,1,0,0,0,0,0,0,0,0,1,0,0,0,0,0,0,0,0,0,0,0,0,0,0,0,1,0,0,0,0,0,0,0,0,0,1,0,1,0,0,1,0,1,0,0,0,0,0,0,0,0,0,0,0,0,0,0,0,0,0,0,0,0,1,0,0,0,1,0,0,0,1,0,0,0,0,1,0,0,0,0,0,1
8c35df71273346f0,test:01314,LNP_0012009,JW_2024,IR_red_amin_IRh20_IRt11,CCCCCCCC/C=C\CCCCCCCC(=O)OCCCCCC(O)C(CCCCOC(=O)CCCCCCC/C=C\CCCCCCCC)CN(C)CCCn1cccn1,mRNA,-1.014678351,-1.192106792631476,5.0,65.89204182,8.531520804,24.72455445,0.85188292,0.02,0,0,0,1,0,0,0,0,0,0,0,0,1,0,0,0,0,0,0,0,0,0,0,0,0,0,0,0,1,0,0,0,0,0,0,0,0,0,1,0,1,0,0,1,0,1,0,0,0,0,0,0,0,0,0,0,0,0,0,0,0,0,0,0,0,0,1,0,0,0,1,0,0,0,1,0,0,0,0,1,0,0,0,0,0,1
8c35df71273346f0,test:01315,LNP_0012010,JW_2024,IR_red_amin_IRh20_IRt11,CCCCCCCC/C=C\CCCCCCCC(=O)OCCCCCC(O)C(CCCCOC(=O)CCCCCCC/C=C\CCCCCCCC)CN(C)CCCn1cccn1,mRNA,0.340820287,-0.7082166900728362,5.0,24.32296536,28.40385697,46.33625705,0.936920617,0.02,0,0,0,1,0,0,0,0,0,0,0,0,1,0,0,0,0,0,0,0,0,0,0,0,0,0,0,0,1,0,0,0,0,0,0,0,0,0,1,0,1,0,0,1,0,1,0,0,0,0,0,0,0,0,0,0,0,0,0,0,0,0,0,0,0,0,1,0,0,0,1,0,0,0,1,0,0,0,0,1,0,0,0,0,0,1
8c35df71273346f0,test:01321,LNP_0012016,JW_2024,IR_red_amin_IRh20_IRt11,CCCCCCCC/C=C\CCCCCCCC(=O)OCCCCCC(O)C(CCCCOC(=O)CCCCCCC/C=C\CCCCCCCC)CN(C)CCCn1cccn1,mRNA,-1.308641911,-1.5008207070605912,5.0,46.19815124,26.90859635,22.40272895,4.490523459,0.02,0,0,0,1,0,0,0,0,0,0,0,0,1,0,0,0,0,0,0,0,0,0,0,0,0,0,0,0,1,0,0,0,0,0,0,0,0,0,1,0,1,0,0,1,0,1,0,0,0,0,0,0,0,0,0,0,0,0,0,0,0,0,0,0,0,0,1,0,0,0,1,0,0,0,1,0,0,0,0,1,0,0,0,0,0,1
8c35df71273346f0,test:01375,LNP_0012070,JW_2024,IR_red_amin_IRh20_IRt11,CCCCCCCC/C=C\CCCCCCCC(=O)OCCCCCC(O)C(CCCCOC(=O)CCCCCCC/C=C\CCCCCCCC)CN(C)CCCn1cccn1,mRNA,0.030525418,-1.286302866358729,5.0,40.86278327,9.089183507,45.51215382,4.535879404,0.02,0,0,0,1,0,0,0,0,0,0,0,0,1,0,0,0,0,0,0,0,0,0,0,0,0,0,0,0,1,0,0,0,0,0,0,0,0,0,1,0,1,0,0,1,0,1,0,0,0,0,0,0,0,0,0,0,0,0,0,0,0,0,0,0,0,0,1,0,0,0,1,0,0,0,1,0,0,0,0,1,0,0,0,0,0,1
8c35df71273346f0,test:01376,LNP_0012071,JW_2024,IR_red_amin_IRh20_IRt11,CCCCCCCC/C=C\CCCCCCCC(=O)OCCCCCC(O)C(CCCCOC(=O)CCCCCCC/C=C\CCCCCCCC)CN(C)CCCn1cccn1,mRNA,-0.36959165,-1.192106792631476,5.0,65.89204182,8.531520804,24.72455445,0.85188292,0.02,0,0,0,1,0,0,0,0,0,0,0,0,1,0,0,0,0,0,0,0,0,0,0,0,0,0,0,0,1,0,0,0,0,0,0,0,0,0,1,0,1,0,0,1,0,1,0,0,0,0,0,0,0,0,0,0,0,0,0,0,0,0,0,0,0,0,1,0,0,0,1,0,0,0,1,0,0,0,0,1,0,0,0,0,0,1
8c35df71273346f0,test:01377,LNP_0012072,JW_2024,IR_red_amin_IRh20_IRt11,CCCCCCCC/C=C\CCCCCCCC(=O)OCCCCCC(O)C(CCCCOC(=O)CCCCCCC/C=C\CCCCCCCC)CN(C)CCCn1cccn1,mRNA,0.422476831,-0.7082166900728362,5.0,24.32296536,28.40385697,46.33625705,0.936920617,0.02,0,0,0,1,0,0,0,0,0,0,0,0,1,0,0,0,0,0,0,0,0,0,0,0,0,0,0,0,1,0,0,0,0,0,0,0,0,0,1,0,1,0,0,1,0,1,0,0,0,0,0,0,0,0,0,0,0,0,0,0,0,0,0,0,0,0,1,0,0,0,1,0,0,0,1,0,0,0,0,1,0,0,0,0,0,1
8c35df71273346f0,test:01383,LNP_0012078,JW_2024,IR_red_amin_IRh20_IRt11,CCCCCCCC/C=C\CCCCCCCC(=O)OCCCCCC(O)C(CCCCOC(=O)CCCCCCC/C=C\CCCCCCCC)CN(C)CCCn1cccn1,mRNA,-1.145328822,-1.5008207070605912,5.0,46.19815124,26.90859635,22.40272895,4.490523459,0.02,0,0,0,1,0,0,0,0,0,0,0,0,1,0,0,0,0,0,0,0,0,0,0,0,0,0,0,0,1,0,0,0,0,0,0,0,0,0,1,0,1,0,0,1,0,1,0,0,0,0,0,0,0,0,0,0,0,0,0,0,0,0,0,0,0,0,1,0,0,0,1,0,0,0,1,0,0,0,0,1,0,0,0,0,0,1
8f547b2f19bcedd3,test:01267,LNP_0011484,JW_2024,RM_branched_ester_M71_R15,CCCCC/C=C\C/C=C\C/C=C\C/C=C\CCCC(=O)OC(C/C=C\CCCCCCCCOC(=O)CCN(CCCn1ccnc1)CCC(=O)OCCCCCCCC/C=C\CC(CCCCCC)OC(=O)CCC/C=C\C/C=C\C/C=C\C/C=C\CCCCC)CCCCCC,mRNA,-0.476204182,0.1782101773010528,15.0,45.88473717,11.01907016,39.81483864,3.281354026,0.02,0,0,0,0,1,0,0,0,0,0,0,0,1,0,0,0,0,0,0,0,0,0,0,0,0,0,0,0,1,0,0,0,0,0,0,0,0,0,1,0,1,0,0,1,0,1,0,0,0,0,0,0,0,0,0,0,0,0,0,0,0,0,0,0,0,0,1,0,0,0,1,0,0,0,1,0,0,0,0,1,0,0,0,0,0,1
8f547b2f19bcedd3,test:01269,LNP_0011486,JW_2024,RM_branched_ester_M71_R15,CCCCC/C=C\C/C=C\C/C=C\C/C=C\CCCC(=O)OC(C/C=C\CCCCCCCCOC(=O)CCN(CCCn1ccnc1)CCC(=O)OCCCCCCCC/C=C\CC(CCCCCC)OC(=O)CCC/C=C\C/C=C\C/C=C\C/C=C\CCCCC)CCCCCC,mRNA,0.018513913,0.4516443190498235,15.0,55.37305122,15.59319175,27.91033554,1.123421496,0.02,0,0,0,0,1,0,0,0,0,0,0,0,1,0,0,0,0,0,0,0,0,0,0,0,0,0,0,0,1,0,0,0,0,0,0,0,0,0,1,0,1,0,0,1,0,1,0,0,0,0,0,0,0,0,0,0,0,0,0,0,0,0,0,0,0,0,1,0,0,0,1,0,0,0,1,0,0,0,0,1,0,0,0,0,0,1
a591e56ec2c36f7e,test:01193,LNP_0011258,JW_2024,RM_branched_ester_M71_R14,CCCCCC/C=C\CCC(=O)OC(C/C=C\CCCCCCCCOC(=O)CCN(CCCn1ccnc1)CCC(=O)OCCCCCCCC/C=C\CC(CCCCCC)OC(=O)CC/C=C\CCCCCC)CCCCCC,mRNA,-1.501619872,-1.0347803157993098,5.0,35.00359637,9.989720054,50.0213991,4.985284476,0.02,0,0,0,1,0,0,0,0,0,0,0,0,1,0,0,0,0,0,0,0,0,0,0,0,0,0,0,0,1,0,0,0,0,0,0,0,0,0,1,0,1,0,0,1,0,1,0,0,0,0,0,0,0,0,0,0,0,0,0,0,0,0,0,0,0,0,1,0,0,0,1,0,0,0,1,0,0,0,0,1,0,0,0,0,0,1
a591e56ec2c36f7e,test:01194,LNP_0011259,JW_2024,RM_branched_ester_M71_R14,CCCCCC/C=C\CCC(=O)OC(C/C=C\CCCCCCCCOC(=O)CCN(CCCn1ccnc1)CCC(=O)OCCCCCCCC/C=C\CC(CCCCCC)OC(=O)CC/C=C\CCCCCC)CCCCCC,mRNA,-2.589999683,-0.8093225458732345,5.0,60.0907203,9.982621892,28.92988064,0.996777161,0.02,0,0,0,1,0,0,0,0,0,0,0,0,1,0,0,0,0,0,0,0,0,0,0,0,0,0,0,0,1,0,0,0,0,0,0,0,0,0,1,0,1,0,0,1,0,1,0,0,0,0,0,0,0,0,0,0,0,0,0,0,0,0,0,0,0,0,1,0,0,0,1,0,0,0,1,0,0,0,0,1,0,0,0,0,0,1
a591e56ec2c36f7e,test:01195,LNP_0011260,JW_2024,RM_branched_ester_M71_R14,CCCCCC/C=C\CCC(=O)OC(C/C=C\CCCCCCCCOC(=O)CCN(CCCn1ccnc1)CCC(=O)OCCCCCCCC/C=C\CC(CCCCCC)OC(=O)CC/C=C\CCCCCC)CCCCCC,mRNA,-0.997906902,-0.3252641321442978,5.0,20.03202268,30.01437623,48.96355639,0.990044695,0.02,0,0,0,1,0,0,0,0,0,0,0,0,1,0,0,0,0,0,0,0,0,0,0,0,0,0,0,0,1,0,0,0,0,0,0,0,0,0,1,0,1,0,0,1,0,1,0,0,0,0,0,0,0,0,0,0,0,0,0,0,0,0,0,0,0,0,1,0,0,0,1,0,0,0,1,0,0,0,0,1,0,0,0,0,0,1
a591e56ec2c36f7e,test:01201,LNP_0011266,JW_2024,RM_branched_ester_M71_R14,CCCCCC/C=C\CCC(=O)OC(C/C=C\CCCCCCCCOC(=O)CCN(CCCn1ccnc1)CCC(=O)OCCCCCCCC/C=C\CC(CCCCCC)OC(=O)CC/C=C\CCCCCC)CCCCCC,mRNA,-1.294737759,-1.215623573685698,5.0,40.09259581,29.9622447,24.94504128,5.000118213,0.02,0,0,0,1,0,0,0,0,0,0,0,0,1,0,0,0,0,0,0,0,0,0,0,0,0,0,0,0,1,0,0,0,0,0,0,0,0,0,1,0,1,0,0,1,0,1,0,0,0,0,0,0,0,0,0,0,0,0,0,0,0,0,0,0,0,0,1,0,0,0,1,0,0,0,1,0,0,0,0,1,0,0,0,0,0,1
a6d25d58d8a87b9f,test:01317,LNP_0012012,JW_2024,IR_red_amin_IRh20_IRt11,CCCCCCCC/C=C\CCCCCCCC(=O)OCCCCCC(O)C(CCCCOC(=O)CCCCCCC/C=C\CCCCCCCC)CN(C)CCCn1cccn1,mRNA,1.32069882,-0.4528242293459937,15.0,56.8662733,8.782985355,31.735268,2.61547335,0.02,0,0,0,0,1,0,0,0,0,0,0,0,1,0,0,0,0,0,0,0,0,0,0,0,0,0,0,0,1,0,0,0,0,0,0,0,0,0,1,0,1,0,0,1,0,1,0,0,0,0,0,0,0,0,0,0,0,0,0,0,0,0,0,0,0,0,1,0,0,0,1,0,0,0,1,0,0,0,0,1,0,0,0,0,0,1
a6d25d58d8a87b9f,test:01319,LNP_0012014,JW_2024,IR_red_amin_IRh20_IRt11,CCCCCCCC/C=C\CCCCCCCC(=O)OCCCCCC(O)C(CCCCOC(=O)CCCCCCC/C=C\CCCCCCCC)CN(C)CCCn1cccn1,mRNA,0.994072642,-0.2007553353845785,15.0,65.86167537,11.92834053,21.35059916,0.859384941,0.02,0,0,0,0,1,0,0,0,0,0,0,0,1,0,0,0,0,0,0,0,0,0,0,0,0,0,0,0,1,0,0,0,0,0,0,0,0,0,1,0,1,0,0,1,0,1,0,0,0,0,0,0,0,0,0,0,0,0,0,0,0,0,0,0,0,0,1,0,0,0,1,0,0,0,1,0,0,0,0,1,0,0,0,0,0,1
a6d25d58d8a87b9f,test:01326,LNP_0012021,JW_2024,IR_red_amin_IRh20_IRt11,CCCCCCCC/C=C\CCCCCCCC(=O)OCCCCCC(O)C(CCCCOC(=O)CCCCCCC/C=C\CCCCCCCC)CN(C)CCCn1cccn1,mRNA,-0.181781598,-0.7140799744391643,15.0,40.89142516,9.112034722,45.45785964,4.538680476,0.02,0,0,0,0,1,0,0,0,0,0,0,0,1,0,0,0,0,0,0,0,0,0,0,0,0,0,0,0,1,0,0,0,0,0,0,0,0,0,1,0,1,0,0,1,0,1,0,0,0,0,0,0,0,0,0,0,0,0,0,0,0,0,0,0,0,0,1,0,0,0,1,0,0,0,1,0,0,0,0,1,0,0,0,0,0,1
a6d25d58d8a87b9f,test:01379,LNP_0012074,JW_2024,IR_red_amin_IRh20_IRt11,CCCCCCCC/C=C\CCCCCCCC(=O)OCCCCCC(O)C(CCCCOC(=O)CCCCCCC/C=C\CCCCCCCC)CN(C)CCCn1cccn1,mRNA,0.544961648,-0.4528242293459937,15.0,56.8662733,8.782985355,31.735268,2.61547335,0.02,0,0,0,0,1,0,0,0,0,0,0,0,1,0,0,0,0,0,0,0,0,0,0,0,0,0,0,0,1,0,0,0,0,0,0,0,0,0,1,0,1,0,0,1,0,1,0,0,0,0,0,0,0,0,0,0,0,0,0,0,0,0,0,0,0,0,1,0,0,0,1,0,0,0,1,0,0,0,0,1,0,0,0,0,0,1
a6d25d58d8a87b9f,test:01381,LNP_0012076,JW_2024,IR_red_amin_IRh20_IRt11,CCCCCCCC/C=C\CCCCCCCC(=O)OCCCCCC(O)C(CCCCOC(=O)CCCCCCC/C=C\CCCCCCCC)CN(C)CCCn1cccn1,mRNA,0.904250443,-0.2007553353845785,15.0,65.86167537,11.92834053,21.35059916,0.859384941,0.02,0,0,0,0,1,0,0,0,0,0,0,0,1,0,0,0,0,0,0,0,0,0,0,0,0,0,0,0,1,0,0,0,0,0,0,0,0,0,1,0,1,0,0,1,0,1,0,0,0,0,0,0,0,0,0,0,0,0,0,0,0,0,0,0,0,0,1,0,0,0,1,0,0,0,1,0,0,0,0,1,0,0,0,0,0,1
a6d25d58d8a87b9f,test:01387,LNP_0012082,JW_2024,IR_red_amin_IRh20_IRt11,CCCCCCCC/C=C\CCCCCCCC(=O)OCCCCCC(O)C(CCCCOC(=O)CCCCCCC/C=C\CCCCCCCC)CN(C)CCCn1cccn1,mRNA,0.936913061,-0.7140799744391643,15.0,40.89142516,9.112034722,45.45785964,4.538680476,0.02,0,0,0,0,1,0,0,0,0,0,0,0,1,0,0,0,0,0,0,0,0,0,0,0,0,0,0,0,1,0,0,0,0,0,0,0,0,0,1,0,1,0,0,1,0,1,0,0,0,0,0,0,0,0,0,0,0,0,0,0,0,0,0,0,0,0,1,0,0,0,1,0,0,0,1,0,0,0,0,1,0,0,0,0,0,1
ab120591e156380c,test:01424,LNP_0012305,JW_2024,IR_red_amin_IRh6_IRt11,CCCCCCCC/C=C\CCCCCCCC(=O)OCCCCCC(O)C(CCCCOC(=O)CCCCCCC/C=C\CCCCCCCC)CNCCCN1CCCCC1CC,mRNA,-1.071837932,-0.2862089350910722,5.0,65.12328264,8.732001374,21.77466781,4.370048177,0.02,0,0,0,0,1,0,0,0,0,0,0,0,1,0,0,0,0,0,0,0,0,0,0,0,0,0,0,0,1,0,0,0,0,0,0,0,0,0,1,0,1,0,0,1,0,1,0,0,0,0,0,0,0,0,0,0,0,0,0,0,0,0,0,0,0,0,1,0,0,0,1,0,0,0,1,0,0,0,0,1,0,0,0,0,0,1
ab120591e156380c,test:01428,LNP_0012309,JW_2024,IR_red_amin_IRh6_IRt11,CCCCCCCC/C=C\CCCCCCCC(=O)OCCCCCC(O)C(CCCCOC(=O)CCCCCCC/C=C\CCCCCCCC)CNCCCN1CCCCC1CC,mRNA,0.193838507,0.1237439998491914,5.0,43.29022338,18.28077174,33.83217943,4.59682545,0.02,0,0,0,0,1,0,0,0,0,0,0,0,1,0,0,0,0,0,0,0,0,0,0,0,0,0,0,0,1,0,0,0,0,0,0,0,0,0,1,0,1,0,0,1,0,1,0,0,0,0,0,0,0,0,0,0,0,0,0,0,0,0,0,0,0,0,1,0,0,0,1,0,0,0,1,0,0,0,0,1,0,0,0,0,0,1
ab120591e156380c,test:01432,LNP_0012313,JW_2024,IR_red_amin_IRh6_IRt11,CCCCCCCC/C=C\CCCCCCCC(=O)OCCCCCC(O)C(CCCCOC(=O)CCCCCCC/C=C\CCCCCCCC)CNCCCN1CCCCC1CC,mRNA,-0.655389555,0.4609124166847717,5.0,23.70745709,28.62662093,42.8834487,4.782473288,0.02,0,0,0,0,1,0,0,0,0,0,0,0,1,0,0,0,0,0,0,0,0,0,0,0,0,0,0,0,1,0,0,0,0,0,0,0,0,0,1,0,1,0,0,1,0,1,0,0,0,0,0,0,0,0,0,0,0,0,0,0,0,0,0,0,0,0,1,0,0,0,1,0,0,0,1,0,0,0,0,1,0,0,0,0,0,1
ab120591e156380c,test:01434,LNP_0012315,JW_2024,IR_red_amin_IRh6_IRt11,CCCCCCCC/C=C\CCCCCCCC(=O)OCCCCCC(O)C(CCCCOC(=O)CCCCCCC/C=C\CCCCCCCC)CNCCCN1CCCCC1CC,mRNA,0.177507198,1.0051014357010652,5.0,44.21050132,9.113616291,45.75526522,0.920617168,0.02,0,0,0,0,1,0,0,0,0,0,0,0,1,0,0,0,0,0,0,0,0,0,0,0,0,0,0,0,1,0,0,0,0,0,0,0,0,0,1,0,1,0,0,1,0,1,0,0,0,0,0,0,0,0,0,0,0,0,0,0,0,0,0,0,0,0,1,0,0,0,1,0,0,0,1,0,0,0,0,1,0,0,0,0,0,1
ab120591e156380c,test:01435,LNP_0012316,JW_2024,IR_red_amin_IRh6_IRt11,CCCCCCCC/C=C\CCCCCCCC(=O)OCCCCCC(O)C(CCCCOC(=O)CCCCCCC/C=C\CCCCCCCC)CNCCCN1CCCCC1CC,mRNA,-0.018468509,0.9957975979163752,5.0,23.68843552,25.5567093,47.710656,3.044199182,0.02,0,0,0,0,1,0,0,0,0,0,0,0,1,0,0,0,0,0,0,0,0,0,0,0,0,0,0,0,1,0,0,0,0,0,0,0,0,0,1,0,1,0,0,1,0,1,0,0,0,0,0,0,0,0,0,0,0,0,0,0,0,0,0,0,0,0,1,0,0,0,1,0,0,0,1,0,0,0,0,1,0,0,0,0,0,1
abdcc9fcacf64f77,test:01203,LNP_0011268,JW_2024,RM_branched_ester_M71_R10,CCCCCCCCCCCC(=O)OC(C/C=C\CCCCCCCCOC(=O)CCN(CCCn1ccnc1)CCC(=O)OCCCCCCCC/C=C\CC(CCCCCC)OC(=O)CCCCCCCCCCC)CCCCCC,mRNA,-1.465640374,-0.415555683565756,10.0,34.43568436,16.17033934,46.87405196,2.519924344,0.02,0,0,0,1,0,0,0,0,0,0,0,0,1,0,0,0,0,0,0,0,0,0,0,0,0,0,0,0,1,0,0,0,0,0,0,0,0,0,1,0,1,0,0,1,0,1,0,0,0,0,0,0,0,0,0,0,0,0,0,0,0,0,0,0,0,0,1,0,0,0,1,0,0,0,1,0,0,0,0,1,0,0,0,0,0,1
abdcc9fcacf64f77,test:01206,LNP_0011271,JW_2024,RM_branched_ester_M71_R10,CCCCCCCCCCCC(=O)OC(C/C=C\CCCCCCCCOC(=O)CCN(CCCn1ccnc1)CCC(=O)OCCCCCCCC/C=C\CC(CCCCCC)OC(=O)CCCCCCCCCCC)CCCCCC,mRNA,-0.979917153,-0.4067713543862454,10.0,31.41694373,16.89565312,49.06018183,2.627221329,0.02,0,0,0,1,0,0,0,0,0,0,0,0,1,0,0,0,0,0,0,0,0,0,0,0,0,0,0,0,1,0,0,0,0,0,0,0,0,0,1,0,1,0,0,1,0,1,0,0,0,0,0,0,0,0,0,0,0,0,0,0,0,0,0,0,0,0,1,0,0,0,1,0,0,0,1,0,0,0,0,1,0,0,0,0,0,1
afc04a9a898dc268,test:01292,LNP_0011851,JW_2024,RM_branched_ester_M19_R14,CCCCC/C=C\CCC(=O)OC(C/C=C\CCCCCCCCOC(=O)CCN(CCC(=O)OCCCCCCCC/C=C\CC(CCCCCC)OC(=O)CC/C=C\CCCCC)CCN1CCCCC1)CCCCCC,mRNA,-0.494193931,0.0825194142964833,15.0,41.34100069,28.40327485,25.22588513,5.029839329,0.02,0,0,0,1,0,0,0,0,0,0,0,0,1,0,0,0,0,0,0,0,0,0,0,0,0,0,0,0,1,0,0,0,0,0,0,0,0,0,1,0,1,0,0,1,0,1,0,0,0,0,0,0,0,0,0,0,0,0,0,0,0,0,0,0,0,0,1,0,0,0,1,0,0,0,1,0,0,0,0,1,0,0,0,0,0,1
afc04a9a898dc268,test:01296,LNP_0011855,JW_2024,RM_branched_ester_M19_R14,CCCCC/C=C\CCC(=O)OC(C/C=C\CCCCCCCCOC(=O)CCN(CCC(=O)OCCCCCCCC/C=C\CC(CCCCCC)OC(=O)CC/C=C\CCCCC)CCN1CCCCC1)CCCCCC,mRNA,0.279365273,0.5788809738332554,15.0,44.5987223,29.71489153,24.69136918,0.995016987,0.02,0,0,0,1,0,0,0,0,0,0,0,0,1,0,0,0,0,0,0,0,0,0,0,0,0,0,0,0,1,0,0,0,0,0,0,0,0,0,1,0,1,0,0,1,0,1,0,0,0,0,0,0,0,0,0,0,0,0,0,0,0,0,0,0,0,0,1,0,0,0,1,0,0,0,1,0,0,0,0,1,0,0,0,0,0,1
afc04a9a898dc268,test:01297,LNP_0011856,JW_2024,RM_branched_ester_M19_R14,CCCCC/C=C\CCC(=O)OC(C/C=C\CCCCCCCCOC(=O)CCN(CCC(=O)OCCCCCCCC/C=C\CC(CCCCCC)OC(=O)CC/C=C\CCCCC)CCN1CCCCC1)CCCCCC,mRNA,0.270370399,0.6202279337774186,15.0,27.2919752,20.06139795,49.66036941,2.986257447,0.02,0,0,0,1,0,0,0,0,0,0,0,0,1,0,0,0,0,0,0,0,0,0,0,0,0,0,0,0,1,0,0,0,0,0,0,0,0,0,1,0,1,0,0,1,0,1,0,0,0,0,0,0,0,0,0,0,0,0,0,0,0,0,0,0,0,0,1,0,0,0,1,0,0,0,1,0,0,0,0,1,0,0,0,0,0,1
afc04a9a898dc268,test:01299,LNP_0011858,JW_2024,RM_branched_ester_M19_R14,CCCCC/C=C\CCC(=O)OC(C/C=C\CCCCCCCCOC(=O)CCN(CCC(=O)OCCCCCCCC/C=C\CC(CCCCCC)OC(=O)CC/C=C\CCCCC)CCN1CCCCC1)CCCCCC,mRNA,-0.062439957,0.5208315495246513,15.0,60.6045164,9.811230805,24.66938962,4.914863173,0.02,0,0,0,1,0,0,0,0,0,0,0,0,1,0,0,0,0,0,0,0,0,0,0,0,0,0,0,0,1,0,0,0,0,0,0,0,0,0,1,0,1,0,0,1,0,1,0,0,0,0,0,0,0,0,0,0,0,0,0,0,0,0,0,0,0,0,1,0,0,0,1,0,0,0,1,0,0,0,0,1,0,0,0,0,0,1
afc04a9a898dc268,test:01302,LNP_0011861,JW_2024,RM_branched_ester_M19_R14,CCCCC/C=C\CCC(=O)OC(C/C=C\CCCCCCCCOC(=O)CCN(CCC(=O)OCCCCCCCC/C=C\CC(CCCCCC)OC(=O)CC/C=C\CCCCC)CCN1CCCCC1)CCCCCC,mRNA,2.033365794,1.207508115161917,15.0,39.57957419,9.920951025,49.52258689,0.976887893,0.02,0,0,0,1,0,0,0,0,0,0,0,0,1,0,0,0,0,0,0,0,0,0,0,0,0,0,0,0,1,0,0,0,0,0,0,0,0,0,1,0,1,0,0,1,0,1,0,0,0,0,0,0,0,0,0,0,0,0,0,0,0,0,0,0,0,0,1,0,0,0,1,0,0,0,1,0,0,0,0,1,0,0,0,0,0,1
b12abb17535b74e8,test:01198,LNP_0011263,JW_2024,RM_branched_ester_M71_R14,CCCCCC/C=C\CCC(=O)OC(C/C=C\CCCCCCCCOC(=O)CCN(CCCn1ccnc1)CCC(=O)OCCCCCCCC/C=C\CC(CCCCCC)OC(=O)CC/C=C\CCCCCC)CCCCCC,mRNA,-1.35770188,-0.6706761748142454,15.0,40.80161699,28.66444984,25.45784325,5.07608992,0.02,0,0,0,1,0,0,0,0,0,0,0,0,1,0,0,0,0,0,0,0,0,0,0,0,0,0,0,0,1,0,0,0,0,0,0,0,0,0,1,0,1,0,0,1,0,1,0,0,0,0,0,0,0,0,0,0,0,0,0,0,0,0,0,0,0,0,1,0,0,0,1,0,0,0,1,0,0,0,0,1,0,0,0,0,0,1
b12abb17535b74e8,test:01202,LNP_0011267,JW_2024,RM_branched_ester_M71_R14,CCCCCC/C=C\CCC(=O)OC(C/C=C\CCCCCCCCOC(=O)CCN(CCCn1ccnc1)CCC(=O)OCCCCCCCC/C=C\CC(CCCCCC)OC(=O)CC/C=C\CCCCCC)CCCCCC,mRNA,-1.303732634,-0.3150878072489599,15.0,44.04875206,30.0098722,24.93648119,1.004894552,0.02,0,0,0,1,0,0,0,0,0,0,0,0,1,0,0,0,0,0,0,0,0,0,0,0,0,0,0,0,1,0,0,0,0,0,0,0,0,0,1,0,1,0,0,1,0,1,0,0,0,0,0,0,0,0,0,0,0,0,0,0,0,0,0,0,0,0,1,0,0,0,1,0,0,0,1,0,0,0,0,1,0,0,0,0,0,1
b368d79d17800894,test:01414,LNP_0012161,JW_2024,IR_red_amin_IRh18_IRt8,CCCCCCCCCCCCCCCC(=O)OCCCCCC(O)C(CCCCOC(=O)CCCCCCCCCCCCCCC)CN(C)Cc1cccnc1,mRNA,-1.275979293,-1.3999622419644708,15.0,48.96082417,24.71368002,21.94903428,4.376461531,0.02,0,0,0,1,0,0,0,0,0,0,0,0,1,0,0,0,0,0,0,0,0,0,0,0,0,0,0,0,1,0,0,0,0,0,0,0,0,0,1,0,1,0,0,1,0,1,0,0,0,0,0,0,0,0,0,0,0,0,0,0,0,0,0,0,0,0,1,0,0,0,1,0,0,0,1,0,0,0,0,1,0,0,0,0,0,1
b368d79d17800894,test:01418,LNP_0012165,JW_2024,IR_red_amin_IRh18_IRt8,CCCCCCCCCCCCCCCC(=O)OCCCCCC(O)C(CCCCOC(=O)CCCCCCCCCCCCCCC)CN(C)Cc1cccnc1,mRNA,-1.700593324,-1.0828127022919083,15.0,52.28380423,25.5929401,21.26626415,0.856991523,0.02,0,0,0,1,0,0,0,0,0,0,0,0,1,0,0,0,0,0,0,0,0,0,0,0,0,0,0,0,1,0,0,0,0,0,0,0,0,0,1,0,1,0,0,1,0,1,0,0,0,0,0,0,0,0,0,0,0,0,0,0,0,0,0,0,0,0,1,0,0,0,1,0,0,0,1,0,0,0,0,1,0,0,0,0,0,1
b464627c1d7db6d9,test:01225,LNP_0011290,JW_2024,RM_branched_ester_M71_R5,CCCCCCCCCCCCCCCCCC(=O)OC(C/C=C\CCCCCCCCOC(=O)CCN(CCCn1ccnc1)CCC(=O)OCCCCCCCC/C=C\CC(CCCCCC)OC(=O)CCCCCCCCCCCCCCCCC)CCCCCC,mRNA,0.531221758,-0.0263948924253097,15.0,46.61817884,10.86972514,39.27521525,3.236880773,0.02,0,0,0,0,1,0,0,0,0,0,0,0,1,0,0,0,0,0,0,0,0,0,0,0,0,0,0,0,1,0,0,0,0,0,0,0,0,0,1,0,1,0,0,1,0,1,0,0,0,0,0,0,0,0,0,0,0,0,0,0,0,0,0,0,0,0,1,0,0,0,1,0,0,0,1,0,0,0,0,1,0,0,0,0,0,1
b464627c1d7db6d9,test:01227,LNP_0011292,JW_2024,RM_branched_ester_M71_R5,CCCCCCCCCCCCCCCCCC(=O)OC(C/C=C\CCCCCCCCOC(=O)CCN(CCCn1ccnc1)CCC(=O)OCCCCCCCC/C=C\CC(CCCCCC)OC(=O)CCCCCCCCCCCCCCCCC)CCCCCC,mRNA,0.621170503,0.1929467553226199,15.0,56.10092779,15.33886294,27.45511106,1.105098214,0.02,0,0,0,0,1,0,0,0,0,0,0,0,1,0,0,0,0,0,0,0,0,0,0,0,0,0,0,0,1,0,0,0,0,0,0,0,0,0,1,0,1,0,0,1,0,1,0,0,0,0,0,0,0,0,0,0,0,0,0,0,0,0,0,0,0,0,1,0,0,0,1,0,0,0,1,0,0,0,0,1,0,0,0,0,0,1
b48f89f55b8c57b6,test:01426,LNP_0012307,JW_2024,IR_red_amin_IRh6_IRt11,CCCCCCCC/C=C\CCCCCCCC(=O)OCCCCCC(O)C(CCCCOC(=O)CCCCCCC/C=C\CCCCCCCC)CNCCCN1CCCCC1CC,mRNA,-0.0021372,0.3986831759269273,15.0,46.07087412,26.11302277,23.19183673,4.624266379,0.02,0,0,0,1,0,0,0,0,0,0,0,0,1,0,0,0,0,0,0,0,0,0,0,0,0,0,0,0,1,0,0,0,0,0,0,0,0,0,1,0,1,0,0,1,0,1,0,0,0,0,0,0,0,0,0,0,0,0,0,0,0,0,0,0,0,0,1,0,0,0,1,0,0,0,1,0,0,0,0,1,0,0,0,0,0,1
b48f89f55b8c57b6,test:01430,LNP_0012311,JW_2024,IR_red_amin_IRh6_IRt11,CCCCCCCC/C=C\CCCCCCCC(=O)OCCCCCC(O)C(CCCCOC(=O)CCCCCCC/C=C\CCCCCCCC)CNCCCN1CCCCC1CC,mRNA,0.80626259,0.9976128650567644,15.0,49.38750688,27.14639094,22.55709263,0.909009548,0.02,0,0,0,1,0,0,0,0,0,0,0,0,1,0,0,0,0,0,0,0,0,0,0,0,0,0,0,0,1,0,0,0,0,0,0,0,0,0,1,0,1,0,0,1,0,1,0,0,0,0,0,0,0,0,0,0,0,0,0,0,0,0,0,0,0,0,1,0,0,0,1,0,0,0,1,0,0,0,0,1,0,0,0,0,0,1
b48f89f55b8c57b6,test:01431,LNP_0012312,JW_2024,IR_red_amin_IRh6_IRt11,CCCCCCCC/C=C\CCCCCCCC(=O)OCCCCCC(O)C(CCCCOC(=O)CCCCCCC/C=C\CCCCCCCC)CNCCCN1CCCCC1CC,mRNA,0.593955574,0.9997227212719384,15.0,31.27137676,18.96341243,46.94239499,2.822815824,0.02,0,0,0,1,0,0,0,0,0,0,0,0,1,0,0,0,0,0,0,0,0,0,0,0,0,0,0,0,1,0,0,0,0,0,0,0,0,0,1,0,1,0,0,1,0,1,0,0,0,0,0,0,0,0,0,0,0,0,0,0,0,0,0,0,0,0,1,0,0,0,1,0,0,0,1,0,0,0,0,1,0,0,0,0,0,1
b48f89f55b8c57b6,test:01433,LNP_0012314,JW_2024,IR_red_amin_IRh6_IRt11,CCCCCCCC/C=C\CCCCCCCC(=O)OCCCCCC(O)C(CCCCOC(=O)CCCCCCC/C=C\CCCCCCCC)CNCCCN1CCCCC1CC,mRNA,1.17371704,1.3754799321435114,15.0,44.25997882,9.152435006,45.68637187,0.901214301,0.02,0,0,0,1,0,0,0,0,0,0,0,0,1,0,0,0,0,0,0,0,0,0,0,0,0,0,0,0,1,0,0,0,0,0,0,0,0,0,1,0,1,0,0,1,0,1,0,0,0,0,0,0,0,0,0,0,0,0,0,0,0,0,0,0,0,0,1,0,0,0,1,0,0,0,1,0,0,0,0,1,0,0,0,0,0,1
b645993f5c40a740,test:01347,LNP_0012042,JW_2024,IR_red_amin_IRh20_IRt8,CCCCCCCCCCCCCCCC(=O)OCCCCCC(O)C(CCCCOC(=O)CCCCCCCCCCCCCCC)CN(C)CCCn1cccn1,mRNA,-0.647223901,-0.8207392083240739,10.0,42.40598408,14.20459853,41.17582664,2.213590752,0.02,0,0,0,1,0,0,0,0,0,0,0,0,1,0,0,0,0,0,0,0,0,0,0,0,0,0,0,0,1,0,0,0,0,0,0,0,0,0,1,0,1,0,0,1,0,1,0,0,0,0,0,0,0,0,0,0,0,0,0,0,0,0,0,0,0,0,1,0,0,0,1,0,0,0,1,0,0,0,0,1,0,0,0,0,0,1
b645993f5c40a740,test:01350,LNP_0012045,JW_2024,IR_red_amin_IRh20_IRt8,CCCCCCCCCCCCCCCC(=O)OCCCCCC(O)C(CCCCOC(=O)CCCCCCCCCCCCCCC)CN(C)CCCn1cccn1,mRNA,-0.573733011,-0.806962152395749,10.0,39.10527646,15.001608,43.56041232,2.332703225,0.02,0,0,0,1,0,0,0,0,0,0,0,0,1,0,0,0,0,0,0,0,0,0,0,0,0,0,0,0,1,0,0,0,0,0,0,0,0,0,1,0,1,0,0,1,0,1,0,0,0,0,0,0,0,0,0,0,0,0,0,0,0,0,0,0,0,0,1,0,0,0,1,0,0,0,1,0,0,0,0,1,0,0,0,0,0,1
ba2514ee4b7f7d49,test:01211,LNP_0011276,JW_2024,RM_branched_ester_M71_R10,CCCCCCCCCCCC(=O)OC(C/C=C\CCCCCCCCOC(=O)CCN(CCCn1ccnc1)CCC(=O)OCCCCCCCC/C=C\CC(CCCCCC)OC(=O)CCCCCCCCCCC)CCCCCC,mRNA,0.522226884,0.0259500448018876,15.0,49.98184486,10.18480798,36.80042693,3.032920218,0.02,0,0,0,0,1,0,0,0,0,0,0,0,1,0,0,0,0,0,0,0,0,0,0,0,0,0,0,0,1,0,0,0,0,0,0,0,0,0,1,0,1,0,0,1,0,1,0,0,0,0,0,0,0,0,0,0,0,0,0,0,0,0,0,0,0,0,1,0,0,0,1,0,0,0,1,0,0,0,0,1,0,0,0,0,0,1
ba2514ee4b7f7d49,test:01213,LNP_0011278,JW_2024,RM_branched_ester_M71_R10,CCCCCCCCCCCC(=O)OC(C/C=C\CCCCCCCCOC(=O)CCN(CCCn1ccnc1)CCC(=O)OCCCCCCCC/C=C\CC(CCCCCC)OC(=O)CCCCCCCCCCC)CCCCCC,mRNA,0.711119248,0.2739341424297805,15.0,59.38761542,14.19045482,25.39956935,1.022360414,0.02,0,0,0,0,1,0,0,0,0,0,0,0,1,0,0,0,0,0,0,0,0,0,0,0,0,0,0,0,1,0,0,0,0,0,0,0,0,0,1,0,1,0,0,1,0,1,0,0,0,0,0,0,0,0,0,0,0,0,0,0,0,0,0,0,0,0,1,0,0,0,1,0,0,0,1,0,0,0,0,1,0,0,0,0,0,1
bb22d574a3493909,test:01393,LNP_0012088,JW_2024,IR_red_amin_IRh18_IRt12,CCCCC/C=C\C/C=C\CCCCCCCC(=O)OCCCCCC(O)C(CCCCOC(=O)CCCCCCC/C=C\C/C=C\CCCCC)CN(C)Cc1cccnc1,mRNA,-1.667930707,-1.8954979932821807,5.0,41.44650526,8.999467478,45.06291988,4.491107386,0.02,0,0,0,1,0,0,0,0,0,0,0,0,1,0,0,0,0,0,0,0,0,0,0,0,0,0,0,0,1,0,0,0,0,0,0,0,0,0,1,0,1,0,0,1,0,1,0,0,0,0,0,0,0,0,0,0,0,0,0,0,0,0,0,0,0,0,1,0,0,0,1,0,0,0,1,0,0,0,0,1,0,0,0,0,0,1
bb22d574a3493909,test:01394,LNP_0012089,JW_2024,IR_red_amin_IRh18_IRt12,CCCCC/C=C\C/C=C\CCCCCCCC(=O)OCCCCCC(O)C(CCCCOC(=O)CCCCCCC/C=C\C/C=C\CCCCC)CN(C)Cc1cccnc1,mRNA,-1.439292382,-1.597160358606097,5.0,66.43166189,8.396544098,24.33338868,0.838405329,0.02,0,0,0,1,0,0,0,0,0,0,0,0,1,0,0,0,0,0,0,0,0,0,0,0,0,0,0,0,1,0,0,0,0,0,0,0,0,0,1,0,1,0,0,1,0,1,0,0,0,0,0,0,0,0,0,0,0,0,0,0,0,0,0,0,0,0,1,0,0,0,1,0,0,0,1,0,0,0,0,1,0,0,0,0,0,1
bb22d574a3493909,test:01395,LNP_0012090,JW_2024,IR_red_amin_IRh18_IRt12,CCCCC/C=C\C/C=C\CCCCCCCC(=O)OCCCCCC(O)C(CCCCOC(=O)CCCCCCC/C=C\C/C=C\CCCCC)CN(C)Cc1cccnc1,mRNA,-1.610771125,-1.336027507383302,5.0,24.76937798,28.23630495,46.06292327,0.931393799,0.02,0,0,0,1,0,0,0,0,0,0,0,0,1,0,0,0,0,0,0,0,0,0,0,0,0,0,0,0,1,0,0,0,0,0,0,0,0,0,1,0,1,0,0,1,0,1,0,0,0,0,0,0,0,0,0,0,0,0,0,0,0,0,0,0,0,0,1,0,0,0,1,0,0,0,1,0,0,0,0,1,0,0,0,0,0,1
bb22d574a3493909,test:01401,LNP_0012096,JW_2024,IR_red_amin_IRh18_IRt12,CCCCC/C=C\C/C=C\CCCCCCCC(=O)OCCCCCC(O)C(CCCCOC(=O)CCCCCCC/C=C\C/C=C\CCCCC)CN(C)Cc1cccnc1,mRNA,-1.904734685,-2.1119554198512764,5.0,46.79777616,26.60869839,22.15304915,4.440476298,0.02,0,0,0,1,0,0,0,0,0,0,0,0,1,0,0,0,0,0,0,0,0,0,0,0,0,0,0,0,1,0,0,0,0,0,0,0,0,0,1,0,1,0,0,1,0,1,0,0,0,0,0,0,0,0,0,0,0,0,0,0,0,0,0,0,0,0,1,0,0,0,1,0,0,0,1,0,0,0,0,1,0,0,0,0,0,1
c1c7228d83f96a40,test:01249,LNP_0011390,JW_2024,RM_branched_ester_M71_R7,CCCCC/C=C\C/C=C\CCCCCCCC(=O)OC(C/C=C\CCCCCCCCOC(=O)CCN(CCCn1ccnc1)CCC(=O)OCCCCCCCC/C=C\CC(CCCCCC)OC(=O)CCCCCCC/C=C\C/C=C\CCCCC)CCCCCC,mRNA,-1.762471232,-1.0269602285500925,5.0,31.52992502,10.5236112,52.69474549,5.251718292,0.02,0,0,0,1,0,0,0,0,0,0,0,0,1,0,0,0,0,0,0,0,0,0,0,0,0,0,0,0,1,0,0,0,0,0,0,0,0,0,1,0,1,0,0,1,0,1,0,0,0,0,0,0,0,0,0,0,0,0,0,0,0,0,0,0,0,0,1,0,0,0,1,0,0,0,1,0,0,0,0,1,0,0,0,0,0,1
c1c7228d83f96a40,test:01250,LNP_0011391,JW_2024,RM_branched_ester_M71_R7,CCCCC/C=C\C/C=C\CCCCCCCC(=O)OC(C/C=C\CCCCCCCCOC(=O)CCN(CCCn1ccnc1)CCC(=O)OCCCCCCCC/C=C\CC(CCCCCC)OC(=O)CCCCCCC/C=C\C/C=C\CCCCC)CCCCCC,mRNA,-1.888399474,-0.6996106757434093,5.0,56.28330753,10.9349809,31.68984018,1.091871388,0.02,0,0,0,1,0,0,0,0,0,0,0,0,1,0,0,0,0,0,0,0,0,0,0,0,0,0,0,0,1,0,0,0,0,0,0,0,0,0,1,0,1,0,0,1,0,1,0,0,0,0,0,0,0,0,0,0,0,0,0,0,0,0,0,0,0,0,1,0,0,0,1,0,0,0,1,0,0,0,0,1,0,0,0,0,0,1
c1c7228d83f96a40,test:01251,LNP_0011392,JW_2024,RM_branched_ester_M71_R7,CCCCC/C=C\C/C=C\CCCCCCCC(=O)OC(C/C=C\CCCCCCCCOC(=O)CCN(CCCn1ccnc1)CCC(=O)OCCCCCCCC/C=C\CC(CCCCCC)OC(=O)CCCCCCC/C=C\C/C=C\CCCCC)CCCCCC,mRNA,-0.053445082,-0.3552041364723106,5.0,17.64084447,30.91185701,50.4276498,1.019648711,0.02,0,0,0,1,0,0,0,0,0,0,0,0,1,0,0,0,0,0,0,0,0,0,0,0,0,0,0,0,1,0,0,0,0,0,0,0,0,0,1,0,1,0,0,1,0,1,0,0,0,0,0,0,0,0,0,0,0,0,0,0,0,0,0,0,0,0,1,0,0,0,1,0,0,0,1,0,0,0,0,1,0,0,0,0,0,1
c1c7228d83f96a40,test:01257,LNP_0011398,JW_2024,RM_branched_ester_M71_R7,CCCCC/C=C\C/C=C\CCCCCCCC(=O)OC(C/C=C\CCCCCCCCOC(=O)CCN(CCCn1ccnc1)CCC(=O)OCCCCCCCC/C=C\CC(CCCCCC)OC(=O)CCCCCCC/C=C\C/C=C\CCCCC)CCCCCC,mRNA,-1.564583993,-1.3710999931320444,5.0,36.39670577,31.81071674,26.4839851,5.308592388,0.02,0,0,0,1,0,0,0,0,0,0,0,0,1,0,0,0,0,0,0,0,0,0,0,0,0,0,0,0,1,0,0,0,0,0,0,0,0,0,1,0,1,0,0,1,0,1,0,0,0,0,0,0,0,0,0,0,0,0,0,0,0,0,0,0,0,0,1,0,0,0,1,0,0,0,1,0,0,0,0,1,0,0,0,0,0,1
c5b4a8cffad42d01,test:01240,LNP_0011305,JW_2024,RM_branched_ester_M71_R6,CCCCCCCC/C=C\CCCCCCCC(=O)OC(C/C=C\CCCCCCCCOC(=O)CCN(CCCn1ccnc1)CCC(=O)OCCCCCCCC/C=C\CC(CCCCCC)OC(=O)CCCCCCC/C=C\CCCCCCCC)CCCCCC,mRNA,-1.303732634,-0.6709429791879015,15.0,37.01007441,30.50035272,27.08836915,5.401203717,0.02,0,0,0,1,0,0,0,0,0,0,0,0,1,0,0,0,0,0,0,0,0,0,0,0,0,0,0,0,1,0,0,0,0,0,0,0,0,0,1,0,1,0,0,1,0,1,0,0,0,0,0,0,0,0,0,0,0,0,0,0,0,0,0,0,0,0,1,0,0,0,1,0,0,0,1,0,0,0,0,1,0,0,0,0,0,1
c5b4a8cffad42d01,test:01244,LNP_0011309,JW_2024,RM_branched_ester_M71_R6,CCCCCCCC/C=C\CCCCCCCC(=O)OC(C/C=C\CCCCCCCCOC(=O)CCN(CCCn1ccnc1)CCC(=O)OCCCCCCCC/C=C\CC(CCCCCC)OC(=O)CCCCCCC/C=C\CCCCCCCC)CCCCCC,mRNA,-0.467209308,-0.2859653440040426,15.0,40.16016848,32.09554322,26.66955409,1.074734218,0.02,0,0,0,1,0,0,0,0,0,0,0,0,1,0,0,0,0,0,0,0,0,0,0,0,0,0,0,0,1,0,0,0,0,0,0,0,0,0,1,0,1,0,0,1,0,1,0,0,0,0,0,0,0,0,0,0,0,0,0,0,0,0,0,0,0,0,1,0,0,0,1,0,0,0,1,0,0,0,0,1,0,0,0,0,0,1
c7904df1e01fb113,test:01309,LNP_0012004,JW_2024,IR_red_amin_IRh20_IRt11,CCCCCCCC/C=C\CCCCCCCC(=O)OCCCCCC(O)C(CCCCOC(=O)CCCCCCC/C=C\CCCCCCCC)CN(C)CCCn1cccn1,mRNA,-0.892193534,-0.737029306404956,10.0,40.9310903,14.56835635,42.23027596,2.270277392,0.02,0,0,0,1,0,0,0,0,0,0,0,0,1,0,0,0,0,0,0,0,0,0,0,0,0,0,0,0,1,0,0,0,0,0,0,0,0,0,1,0,1,0,0,1,0,1,0,0,0,0,0,0,0,0,0,0,0,0,0,0,0,0,0,0,0,0,1,0,0,0,1,0,0,0,1,0,0,0,0,1,0,0,0,0,0,1
c7904df1e01fb113,test:01312,LNP_0012007,JW_2024,IR_red_amin_IRh20_IRt11,CCCCCCCC/C=C\CCCCCCCC(=O)OCCCCCC(O)C(CCCCOC(=O)CCCCCCC/C=C\CCCCCCCC)CN(C)CCCn1cccn1,mRNA,-0.728880445,-0.7190512392874275,10.0,37.67009617,15.35516921,44.58705373,2.38768089,0.02,0,0,0,1,0,0,0,0,0,0,0,0,1,0,0,0,0,0,0,0,0,0,0,0,0,0,0,0,1,0,0,0,0,0,0,0,0,0,1,0,1,0,0,1,0,1,0,0,0,0,0,0,0,0,0,0,0,0,0,0,0,0,0,0,0,0,1,0,0,0,1,0,0,0,1,0,0,0,0,1,0,0,0,0,0,1
c7904df1e01fb113,test:01371,LNP_0012066,JW_2024,IR_red_amin_IRh20_IRt11,CCCCCCCC/C=C\CCCCCCCC(=O)OCCCCCC(O)C(CCCCOC(=O)CCCCCCC/C=C\CCCCCCCC)CN(C)CCCn1cccn1,mRNA,-0.361425995,-0.737029306404956,10.0,40.9310903,14.56835635,42.23027596,2.270277392,0.02,0,0,0,1,0,0,0,0,0,0,0,0,1,0,0,0,0,0,0,0,0,0,0,0,0,0,0,0,1,0,0,0,0,0,0,0,0,0,1,0,1,0,0,1,0,1,0,0,0,0,0,0,0,0,0,0,0,0,0,0,0,0,0,0,0,0,1,0,0,0,1,0,0,0,1,0,0,0,0,1,0,0,0,0,0,1
c7904df1e01fb113,test:01374,LNP_0012069,JW_2024,IR_red_amin_IRh20_IRt11,CCCCCCCC/C=C\CCCCCCCC(=O)OCCCCCC(O)C(CCCCOC(=O)CCCCCCC/C=C\CCCCCCCC)CN(C)CCCn1cccn1,mRNA,-0.361425995,-0.7190512392874275,10.0,37.67009617,15.35516921,44.58705373,2.38768089,0.02,0,0,0,1,0,0,0,0,0,0,0,0,1,0,0,0,0,0,0,0,0,0,0,0,0,0,0,0,1,0,0,0,0,0,0,0,0,0,1,0,1,0,0,1,0,1,0,0,0,0,0,0,0,0,0,0,0,0,0,0,0,0,0,0,0,0,1,0,0,0,1,0,0,0,1,0,0,0,0,1,0,0,0,0,0,1
cc6adb2b602e096f,test:01340,LNP_0012035,JW_2024,IR_red_amin_IRh18_IRt11,CCCCCCCC/C=C\CCCCCCCC(=O)OCCCCCC(O)C(CCCCOC(=O)CCCCCCC/C=C\CCCCCCCC)CN(C)Cc1cccnc1,mRNA,-2.623312276,-2.091111432055176,5.0,66.33959209,8.42747685,21.0152863,4.21764476,0.02,0,0,0,0,1,0,0,0,0,0,0,0,1,0,0,0,0,0,0,0,0,0,0,0,0,0,0,0,1,0,0,0,0,0,0,0,0,0,1,0,1,0,0,1,0,1,0,0,0,0,0,0,0,0,0,0,0,0,0,0,0,0,0,0,0,0,1,0,0,0,1,0,0,0,1,0,0,0,0,1,0,0,0,0,0,1
cc6adb2b602e096f,test:01344,LNP_0012039,JW_2024,IR_red_amin_IRh18_IRt11,CCCCCCCC/C=C\CCCCCCCC(=O)OCCCCCC(O)C(CCCCOC(=O)CCCCCCC/C=C\CCCCCCCC)CN(C)Cc1cccnc1,mRNA,-1.235151021,-1.7297485961767425,5.0,44.62045609,17.85196242,33.03858308,4.488998406,0.02,0,0,0,0,1,0,0,0,0,0,0,0,1,0,0,0,0,0,0,0,0,0,0,0,0,0,0,0,1,0,0,0,0,0,0,0,0,0,1,0,1,0,0,1,0,1,0,0,0,0,0,0,0,0,0,0,0,0,0,0,0,0,0,0,0,0,1,0,0,0,1,0,0,0,1,0,0,0,0,1,0,0,0,0,0,1
cc8555ba1391e1d6,test:01413,LNP_0012160,JW_2024,IR_red_amin_IRh18_IRt8,CCCCCCCCCCCCCCCC(=O)OCCCCCC(O)C(CCCCOC(=O)CCCCCCCCCCCCCCC)CN(C)Cc1cccnc1,mRNA,-1.194322749,-0.9327441474632658,15.0,58.8497196,8.379111609,30.27596446,2.495204333,0.02,0,0,0,0,1,0,0,0,0,0,0,0,1,0,0,0,0,0,0,0,0,0,0,0,0,0,0,0,1,0,0,0,0,0,0,0,0,0,1,0,1,0,0,1,0,1,0,0,0,0,0,0,0,0,0,0,0,0,0,0,0,0,0,0,0,0,1,0,0,0,1,0,0,0,1,0,0,0,0,1,0,0,0,0,0,1
cc8555ba1391e1d6,test:01415,LNP_0012162,JW_2024,IR_red_amin_IRh18_IRt8,CCCCCCCCCCCCCCCC(=O)OCCCCCC(O)C(CCCCOC(=O)CCCCCCCCCCCCCCC)CN(C)Cc1cccnc1,mRNA,-0.189947252,-0.7454285384394465,15.0,67.66667068,11.2976535,20.22172913,0.813946689,0.02,0,0,0,0,1,0,0,0,0,0,0,0,1,0,0,0,0,0,0,0,0,0,0,0,0,0,0,0,1,0,0,0,0,0,0,0,0,0,1,0,1,0,0,1,0,1,0,0,0,0,0,0,0,0,0,0,0,0,0,0,0,0,0,0,0,0,1,0,0,0,1,0,0,0,1,0,0,0,0,1,0,0,0,0,0,1
cf6ac548de7df2c2,test:01254,LNP_0011395,JW_2024,RM_branched_ester_M71_R7,CCCCC/C=C\C/C=C\CCCCCCCC(=O)OC(C/C=C\CCCCCCCCOC(=O)CCN(CCCn1ccnc1)CCC(=O)OCCCCCCCC/C=C\CC(CCCCCC)OC(=O)CCCCCCC/C=C\C/C=C\CCCCC)CCCCCC,mRNA,-1.213783889,-0.8694335000151353,15.0,37.08082264,30.46609572,27.05794438,5.395137261,0.02,0,0,0,1,0,0,0,0,0,0,0,0,1,0,0,0,0,0,0,0,0,0,0,0,0,0,0,0,1,0,0,0,0,0,0,0,0,0,1,0,1,0,0,1,0,1,0,0,0,0,0,0,0,0,0,0,0,0,0,0,0,0,0,0,0,0,1,0,0,0,1,0,0,0,1,0,0,0,0,1,0,0,0,0,0,1
cf6ac548de7df2c2,test:01258,LNP_0011399,JW_2024,RM_branched_ester_M71_R7,CCCCC/C=C\C/C=C\CCCCCCCC(=O)OC(C/C=C\CCCCCCCCOC(=O)CCN(CCCn1ccnc1)CCC(=O)OCCCCCCCC/C=C\CC(CCCCCC)OC(=O)CCCCCCC/C=C\C/C=C\CCCCC)CCCCCC,mRNA,-0.952932529,-0.434896804002103,15.0,40.23309222,32.05643002,26.63705327,1.073424494,0.02,0,0,0,1,0,0,0,0,0,0,0,0,1,0,0,0,0,0,0,0,0,0,0,0,0,0,0,0,1,0,0,0,0,0,0,0,0,0,1,0,1,0,0,1,0,1,0,0,0,0,0,0,0,0,0,0,0,0,0,0,0,0,0,0,0,0,1,0,0,0,1,0,0,0,1,0,0,0,0,1,0,0,0,0,0,1
d22eb6c459be0ac3,test:01276,LNP_0011809,JW_2024,RM_branched_ester_M2_R14,CCCCC/C=C\CCC(=O)OC(C/C=C\CCCCCCCCOC(=O)CCN(CCC(=O)OCCCCCCCC/C=C\CC(CCCCCC)OC(=O)CC/C=C\CCCCC)CCN(C)C)CCCCCC,mRNA,-0.485199057,0.0917339907603476,15.0,42.2354359,27.97018036,24.84123964,4.953144101,0.02,0,0,0,1,0,0,0,0,0,0,0,0,1,0,0,0,0,0,0,0,0,0,0,0,0,0,0,0,1,0,0,0,0,0,0,0,0,0,1,0,1,0,0,1,0,1,0,0,0,0,0,0,0,0,0,0,0,0,0,0,0,0,0,0,0,0,1,0,0,0,1,0,0,0,1,0,0,0,0,1,0,0,0,0,0,1
d22eb6c459be0ac3,test:01280,LNP_0011813,JW_2024,RM_branched_ester_M2_R14,CCCCC/C=C\CCC(=O)OC(C/C=C\CCCCCCCCOC(=O)CCN(CCC(=O)OCCCCCCCC/C=C\CC(CCCCCC)OC(=O)CC/C=C\CCCCC)CCN(C)C)CCCCCC,mRNA,0.198411403,0.5264653132615725,15.0,45.50895813,29.2266797,24.28569318,0.978668987,0.02,0,0,0,1,0,0,0,0,0,0,0,0,1,0,0,0,0,0,0,0,0,0,0,0,0,0,0,0,1,0,0,0,0,0,0,0,0,0,1,0,1,0,0,1,0,1,0,0,0,0,0,0,0,0,0,0,0,0,0,0,0,0,0,0,0,0,1,0,0,0,1,0,0,0,1,0,0,0,0,1,0,0,0,0,0,1
d22eb6c459be0ac3,test:01281,LNP_0011814,JW_2024,RM_branched_ester_M2_R14,CCCCC/C=C\CCC(=O)OC(C/C=C\CCCCCCCCOC(=O)CCN(CCC(=O)OCCCCCCCC/C=C\CC(CCCCCC)OC(=O)CC/C=C\CCCCC)CCN(C)C)CCCCCC,mRNA,-0.332286191,0.5615299029307208,15.0,61.47891588,9.593466373,24.12184205,4.805775699,0.02,0,0,0,1,0,0,0,0,0,0,0,0,1,0,0,0,0,0,0,0,0,0,0,0,0,0,0,0,1,0,0,0,0,0,0,0,0,0,1,0,1,0,0,1,0,1,0,0,0,0,0,0,0,0,0,0,0,0,0,0,0,0,0,0,0,0,1,0,0,0,1,0,0,0,1,0,0,0,0,1,0,0,0,0,0,1
d22eb6c459be0ac3,test:01284,LNP_0011817,JW_2024,RM_branched_ester_M2_R14,CCCCC/C=C\CCC(=O)OC(C/C=C\CCCCCCCCOC(=O)CCN(CCC(=O)OCCCCCCCC/C=C\CC(CCCCCC)OC(=O)CC/C=C\CCCCC)CCN(C)C)CCCCCC,mRNA,1.547642573,1.1880677297249571,15.0,40.46218734,9.776027157,48.79916785,0.962617651,0.02,0,0,0,1,0,0,0,0,0,0,0,0,1,0,0,0,0,0,0,0,0,0,0,0,0,0,0,0,1,0,0,0,0,0,0,0,0,0,1,0,1,0,0,1,0,1,0,0,0,0,0,0,0,0,0,0,0,0,0,0,0,0,0,0,0,0,1,0,0,0,1,0,0,0,1,0,0,0,0,1,0,0,0,0,0,1
d40b7e5653809b1d,test:01425,LNP_0012306,JW_2024,IR_red_amin_IRh6_IRt11,CCCCCCCC/C=C\CCCCCCCC(=O)OCCCCCC(O)C(CCCCOC(=O)CCCCCCC/C=C\CCCCCCCC)CNCCCN1CCCCC1CC,mRNA,0.544961648,1.0829477564087575,15.0,56.01669396,8.955978589,32.36033868,2.666988772,0.02,0,0,0,0,1,0,0,0,0,0,0,0,1,0,0,0,0,0,0,0,0,0,0,0,0,0,0,0,1,0,0,0,0,0,0,0,0,0,1,0,1,0,0,1,0,1,0,0,0,0,0,0,0,0,0,0,0,0,0,0,0,0,0,0,0,0,1,0,0,0,1,0,0,0,1,0,0,0,0,1,0,0,0,0,0,1
d40b7e5653809b1d,test:01427,LNP_0012308,JW_2024,IR_red_amin_IRh6_IRt11,CCCCCCCC/C=C\CCCCCCCC(=O)OCCCCCC(O)C(CCCCOC(=O)CCCCCCC/C=C\CCCCCCCC)CNCCCN1CCCCC1CC,mRNA,0.994072642,1.284521607263991,15.0,65.08047506,12.2013013,21.83917306,0.879050574,0.02,0,0,0,0,1,0,0,0,0,0,0,0,1,0,0,0,0,0,0,0,0,0,0,0,0,0,0,0,1,0,0,0,0,0,0,0,0,0,1,0,1,0,0,1,0,1,0,0,0,0,0,0,0,0,0,0,0,0,0,0,0,0,0,0,0,0,1,0,0,0,1,0,0,0,1,0,0,0,0,1,0,0,0,0,0,1
d8be7ed59667f3af,test:01318,LNP_0012013,JW_2024,IR_red_amin_IRh20_IRt11,CCCCCCCC/C=C\CCCCCCCC(=O)OCCCCCC(O)C(CCCCOC(=O)CCCCCCC/C=C\CCCCCCCC)CN(C)CCCn1cccn1,mRNA,0.185672852,-1.044948447769956,15.0,46.93056127,25.69675365,22.82213439,4.550550696,0.02,0,0,0,1,0,0,0,0,0,0,0,0,1,0,0,0,0,0,0,0,0,0,0,0,0,0,0,0,1,0,0,0,0,0,0,0,0,0,1,0,1,0,0,1,0,1,0,0,0,0,0,0,0,0,0,0,0,0,0,0,0,0,0,0,0,0,1,0,0,0,1,0,0,0,1,0,0,0,0,1,0,0,0,0,0,1
d8be7ed59667f3af,test:01322,LNP_0012017,JW_2024,IR_red_amin_IRh20_IRt11,CCCCCCCC/C=C\CCCCCCCC(=O)OCCCCCC(O)C(CCCCOC(=O)CCCCCCC/C=C\CCCCCCCC)CN(C)CCCn1cccn1,mRNA,-0.263438142,-0.6646063456290588,15.0,50.25141454,26.68302757,22.17206427,0.89349361,0.02,0,0,0,1,0,0,0,0,0,0,0,0,1,0,0,0,0,0,0,0,0,0,0,0,0,0,0,0,1,0,0,0,0,0,0,0,0,0,1,0,1,0,0,1,0,1,0,0,0,0,0,0,0,0,0,0,0,0,0,0,0,0,0,0,0,0,1,0,0,0,1,0,0,0,1,0,0,0,0,1,0,0,0,0,0,1
d8be7ed59667f3af,test:01323,LNP_0012018,JW_2024,IR_red_amin_IRh20_IRt11,CCCCCCCC/C=C\CCCCCCCC(=O)OCCCCCC(O)C(CCCCOC(=O)CCCCCCC/C=C\CCCCCCCC)CN(C)CCCn1cccn1,mRNA,0.724606046,-0.523799595319297,15.0,32.01886591,18.75716728,46.4318518,2.792115017,0.02,0,0,0,1,0,0,0,0,0,0,0,0,1,0,0,0,0,0,0,0,0,0,0,0,0,0,0,0,1,0,0,0,0,0,0,0,0,0,1,0,1,0,0,1,0,1,0,0,0,0,0,0,0,0,0,0,0,0,0,0,0,0,0,0,0,0,1,0,0,0,1,0,0,0,1,0,0,0,0,1,0,0,0,0,0,1
d8be7ed59667f3af,test:01325,LNP_0012020,JW_2024,IR_red_amin_IRh20_IRt11,CCCCCCCC/C=C\CCCCCCCC(=O)OCCCCCC(O)C(CCCCOC(=O)CCCCCCC/C=C\CCCCCCCC)CN(C)CCCn1cccn1,mRNA,0.504133376,-0.599485714883275,15.0,65.87373206,8.49896132,21.36981509,4.257491525,0.02,0,0,0,1,0,0,0,0,0,0,0,0,1,0,0,0,0,0,0,0,0,0,0,0,0,0,0,0,1,0,0,0,0,0,0,0,0,0,1,0,1,0,0,1,0,1,0,0,0,0,0,0,0,0,0,0,0,0,0,0,0,0,0,0,0,0,1,0,0,0,1,0,0,0,1,0,0,0,0,1,0,0,0,0,0,1
d8be7ed59667f3af,test:01328,LNP_0012023,JW_2024,IR_red_amin_IRh20_IRt11,CCCCCCCC/C=C\CCCCCCCC(=O)OCCCCCC(O)C(CCCCOC(=O)CCCCCCC/C=C\CCCCCCCC)CN(C)CCCn1cccn1,mRNA,1.043066569,-0.0443416646484315,15.0,45.11414258,9.012182489,44.9862709,0.887404034,0.02,0,0,0,1,0,0,0,0,0,0,0,0,1,0,0,0,0,0,0,0,0,0,0,0,0,0,0,0,1,0,0,0,0,0,0,0,0,0,1,0,1,0,0,1,0,1,0,0,0,0,0,0,0,0,0,0,0,0,0,0,0,0,0,0,0,0,1,0,0,0,1,0,0,0,1,0,0,0,0,1,0,0,0,0,0,1
d8be7ed59667f3af,test:01380,LNP_0012075,JW_2024,IR_red_amin_IRh20_IRt11,CCCCCCCC/C=C\CCCCCCCC(=O)OCCCCCC(O)C(CCCCOC(=O)CCCCCCC/C=C\CCCCCCCC)CN(C)CCCn1cccn1,mRNA,-0.263438142,-1.044948447769956,15.0,46.93056127,25.69675365,22.82213439,4.550550696,0.02,0,0,0,1,0,0,0,0,0,0,0,0,1,0,0,0,0,0,0,0,0,0,0,0,0,0,0,0,1,0,0,0,0,0,0,0,0,0,1,0,1,0,0,1,0,1,0,0,0,0,0,0,0,0,0,0,0,0,0,0,0,0,0,0,0,0,1,0,0,0,1,0,0,0,1,0,0,0,0,1,0,0,0,0,0,1
d8be7ed59667f3af,test:01384,LNP_0012079,JW_2024,IR_red_amin_IRh20_IRt11,CCCCCCCC/C=C\CCCCCCCC(=O)OCCCCCC(O)C(CCCCOC(=O)CCCCCCC/C=C\CCCCCCCC)CN(C)CCCn1cccn1,mRNA,0.822593899,-0.6646063456290588,15.0,50.25141454,26.68302757,22.17206427,0.89349361,0.02,0,0,0,1,0,0,0,0,0,0,0,0,1,0,0,0,0,0,0,0,0,0,0,0,0,0,0,0,1,0,0,0,0,0,0,0,0,0,1,0,1,0,0,1,0,1,0,0,0,0,0,0,0,0,0,0,0,0,0,0,0,0,0,0,0,0,1,0,0,0,1,0,0,0,1,0,0,0,0,1,0,0,0,0,0,1
d8be7ed59667f3af,test:01385,LNP_0012080,JW_2024,IR_red_amin_IRh20_IRt11,CCCCCCCC/C=C\CCCCCCCC(=O)OCCCCCC(O)C(CCCCOC(=O)CCCCCCC/C=C\CCCCCCCC)CN(C)CCCn1cccn1,mRNA,0.022359763,-0.523799595319297,15.0,32.01886591,18.75716728,46.4318518,2.792115017,0.02,0,0,0,1,0,0,0,0,0,0,0,0,1,0,0,0,0,0,0,0,0,0,0,0,0,0,0,0,1,0,0,0,0,0,0,0,0,0,1,0,1,0,0,1,0,1,0,0,0,0,0,0,0,0,0,0,0,0,0,0,0,0,0,0,0,0,1,0,0,0,1,0,0,0,1,0,0,0,0,1,0,0,0,0,0,1
d8be7ed59667f3af,test:01386,LNP_0012081,JW_2024,IR_red_amin_IRh20_IRt11,CCCCCCCC/C=C\CCCCCCCC(=O)OCCCCCC(O)C(CCCCOC(=O)CCCCCCC/C=C\CCCCCCCC)CN(C)CCCn1cccn1,mRNA,0.7327717,-0.599485714883275,15.0,65.87373206,8.49896132,21.36981509,4.257491525,0.02,0,0,0,1,0,0,0,0,0,0,0,0,1,0,0,0,0,0,0,0,0,0,0,0,0,0,0,0,1,0,0,0,0,0,0,0,0,0,1,0,1,0,0,1,0,1,0,0,0,0,0,0,0,0,0,0,0,0,0,0,0,0,0,0,0,0,1,0,0,0,1,0,0,0,1,0,0,0,0,1,0,0,0,0,0,1
da649549318df2fd,test:01397,LNP_0012092,JW_2024,IR_red_amin_IRh18_IRt12,CCCCC/C=C\C/C=C\CCCCCCCC(=O)OCCCCCC(O)C(CCCCOC(=O)CCCCCCC/C=C\C/C=C\CCCCC)CN(C)Cc1cccnc1,mRNA,-0.859530917,-0.9416590588011778,15.0,57.45649252,8.662803605,31.30101929,2.579684589,0.02,0,0,0,0,1,0,0,0,0,0,0,0,1,0,0,0,0,0,0,0,0,0,0,0,0,0,0,0,1,0,0,0,0,0,0,0,0,0,1,0,1,0,0,1,0,1,0,0,0,0,0,0,0,0,0,0,0,0,0,0,0,0,0,0,0,0,1,0,0,0,1,0,0,0,1,0,0,0,0,1,0,0,0,0,0,1
da649549318df2fd,test:01399,LNP_0012094,JW_2024,IR_red_amin_IRh18_IRt12,CCCCC/C=C\C/C=C\CCCCCCCC(=O)OCCCCCC(O)C(CCCCOC(=O)CCCCCCC/C=C\C/C=C\CCCCC)CN(C)Cc1cccnc1,mRNA,-0.777874372,-0.7340409668081646,15.0,66.40153089,11.73970853,21.01296575,0.845794827,0.02,0,0,0,0,1,0,0,0,0,0,0,0,1,0,0,0,0,0,0,0,0,0,0,0,0,0,0,0,1,0,0,0,0,0,0,0,0,0,1,0,1,0,0,1,0,1,0,0,0,0,0,0,0,0,0,0,0,0,0,0,0,0,0,0,0,0,1,0,0,0,1,0,0,0,1,0,0,0,0,1,0,0,0,0,0,1
df1f0951965bd153,test:01231,LNP_0011296,JW_2024,RM_branched_ester_M71_R6,CCCCCCCC/C=C\CCCCCCCC(=O)OC(C/C=C\CCCCCCCCOC(=O)CCN(CCCn1ccnc1)CCC(=O)OCCCCCCCC/C=C\CC(CCCCCC)OC(=O)CCCCCCC/C=C\CCCCCCCC)CCCCCC,mRNA,-1.411671127,-0.2440930127640235,10.0,31.52544305,16.88810157,48.95467769,2.631777687,0.02,0,0,0,1,0,0,0,0,0,0,0,0,1,0,0,0,0,0,0,0,0,0,0,0,0,0,0,0,1,0,0,0,0,0,0,0,0,0,1,0,1,0,0,1,0,1,0,0,0,0,0,0,0,0,0,0,0,0,0,0,0,0,0,0,0,0,1,0,0,0,1,0,0,0,1,0,0,0,0,1,0,0,0,0,0,1
df1f0951965bd153,test:01234,LNP_0011299,JW_2024,RM_branched_ester_M71_R6,CCCCCCCC/C=C\CCCCCCCC(=O)OC(C/C=C\CCCCCCCCOC(=O)CCN(CCCn1ccnc1)CCC(=O)OCCCCCCCC/C=C\CC(CCCCCC)OC(=O)CCCCCCC/C=C\CCCCCCCC)CCCCCC,mRNA,-1.35770188,-0.2398109925477052,10.0,28.65034043,17.5772146,51.03924296,2.733202013,0.02,0,0,0,1,0,0,0,0,0,0,0,0,1,0,0,0,0,0,0,0,0,0,0,0,0,0,0,0,1,0,0,0,0,0,0,0,0,0,1,0,1,0,0,1,0,1,0,0,0,0,0,0,0,0,0,0,0,0,0,0,0,0,0,0,0,0,1,0,0,0,1,0,0,0,1,0,0,0,0,1,0,0,0,0,0,1
e909553d344f1f18,test:01226,LNP_0011291,JW_2024,RM_branched_ester_M71_R5,CCCCCCCCCCCCCCCCCC(=O)OC(C/C=C\CCCCCCCCOC(=O)CCN(CCCn1ccnc1)CCC(=O)OCCCCCCCC/C=C\CC(CCCCCC)OC(=O)CCCCCCCCCCCCCCCCC)CCCCCC,mRNA,-0.701076044,-0.7657005057326147,15.0,36.93959562,30.53447925,27.11867805,5.407247069,0.02,0,0,0,1,0,0,0,0,0,0,0,0,1,0,0,0,0,0,0,0,0,0,0,0,0,0,0,0,1,0,0,0,0,0,0,0,0,0,1,0,1,0,0,1,0,1,0,0,0,0,0,0,0,0,0,0,0,0,0,0,0,0,0,0,0,0,1,0,0,0,1,0,0,0,1,0,0,0,0,1,0,0,0,0,0,1
e909553d344f1f18,test:01230,LNP_0011295,JW_2024,RM_branched_ester_M71_R5,CCCCCCCCCCCCCCCCCC(=O)OC(C/C=C\CCCCCCCCOC(=O)CCN(CCCn1ccnc1)CCC(=O)OCCCCCCCC/C=C\CC(CCCCCC)OC(=O)CCCCCCCCCCCCCCCCC)CCCCCC,mRNA,-0.395250312,-0.3723915863570891,15.0,40.08750861,32.13451488,26.7019373,1.076039202,0.02,0,0,0,1,0,0,0,0,0,0,0,0,1,0,0,0,0,0,0,0,0,0,0,0,0,0,0,0,1,0,0,0,0,0,0,0,0,0,1,0,1,0,0,1,0,1,0,0,0,0,0,0,0,0,0,0,0,0,0,0,0,0,0,0,0,0,1,0,0,0,1,0,0,0,1,0,0,0,0,1,0,0,0,0,0,1
eab0b03222b844e1,test:01274,LNP_0011807,JW_2024,RM_branched_ester_M2_R14,CCCCC/C=C\CCC(=O)OC(C/C=C\CCCCCCCCOC(=O)CCN(CCC(=O)OCCCCCCCC/C=C\CC(CCCCCC)OC(=O)CC/C=C\CCCCC)CCN(C)C)CCCCCC,mRNA,-1.096850521,-0.7213395587752338,5.0,61.51083269,9.636441938,24.03003769,4.822687688,0.02,0,0,0,0,1,0,0,0,0,0,0,0,1,0,0,0,0,0,0,0,0,0,0,0,0,0,0,0,1,0,0,0,0,0,0,0,0,0,1,0,1,0,0,1,0,1,0,0,0,0,0,0,0,0,0,0,0,0,0,0,0,0,0,0,0,0,1,0,0,0,1,0,0,0,1,0,0,0,0,1,0,0,0,0,0,1
eab0b03222b844e1,test:01278,LNP_0011811,JW_2024,RM_branched_ester_M2_R14,CCCCC/C=C\CCC(=O)OC(C/C=C\CCCCCCCCOC(=O)CCN(CCC(=O)OCCCCCCCC/C=C\CC(CCCCCC)OC(=O)CC/C=C\CCCCC)CCN(C)C)CCCCCC,mRNA,-0.017465585,-0.2513799810603399,5.0,39.51665089,19.4972078,36.08343467,4.902706642,0.02,0,0,0,0,1,0,0,0,0,0,0,0,1,0,0,0,0,0,0,0,0,0,0,0,0,0,0,0,1,0,0,0,0,0,0,0,0,0,1,0,1,0,0,1,0,1,0,0,0,0,0,0,0,0,0,0,0,0,0,0,0,0,0,0,0,0,1,0,0,0,1,0,0,0,1,0,0,0,0,1,0,0,0,0,0,1
eab0b03222b844e1,test:01283,LNP_0011816,JW_2024,RM_branched_ester_M2_R14,CCCCC/C=C\CCC(=O)OC(C/C=C\CCCCCCCCOC(=O)CCN(CCC(=O)OCCCCCCCC/C=C\CC(CCCCCC)OC(=O)CC/C=C\CCCCC)CCN(C)C)CCCCCC,mRNA,0.702124373,0.5723043113285534,5.0,45.52389657,29.16272641,24.34907163,0.964305384,0.02,0,0,0,0,1,0,0,0,0,0,0,0,1,0,0,0,0,0,0,0,0,0,0,0,0,0,0,0,1,0,0,0,0,0,0,0,0,0,1,0,1,0,0,1,0,1,0,0,0,0,0,0,0,0,0,0,0,0,0,0,0,0,0,0,0,0,1,0,0,0,1,0,0,0,1,0,0,0,0,1,0,0,0,0,0,1
eab0b03222b844e1,test:01285,LNP_0011818,JW_2024,RM_branched_ester_M2_R14,CCCCC/C=C\CCC(=O)OC(C/C=C\CCCCCCCCOC(=O)CCN(CCC(=O)OCCCCCCCC/C=C\CC(CCCCCC)OC(=O)CC/C=C\CCCCC)CCN(C)C)CCCCCC,mRNA,-0.413240061,0.6430645833441896,5.0,40.41387716,9.733822183,48.86903303,0.983267621,0.02,0,0,0,0,1,0,0,0,0,0,0,0,1,0,0,0,0,0,0,0,0,0,0,0,0,0,0,0,1,0,0,0,0,0,0,0,0,0,1,0,1,0,0,1,0,1,0,0,0,0,0,0,0,0,0,0,0,0,0,0,0,0,0,0,0,0,1,0,0,0,1,0,0,0,1,0,0,0,0,1,0,0,0,0,0,1
eab0b03222b844e1,test:01286,LNP_0011819,JW_2024,RM_branched_ester_M2_R14,CCCCC/C=C\CCC(=O)OC(C/C=C\CCCCCCCCOC(=O)CCN(CCC(=O)OCCCCCCCC/C=C\CC(CCCCCC)OC(=O)CC/C=C\CCCCC)CCN(C)C)CCCCCC,mRNA,0.909006486,0.4862261198523558,5.0,20.9910713,26.46005538,49.39707165,3.151801666,0.02,0,0,0,0,1,0,0,0,0,0,0,0,1,0,0,0,0,0,0,0,0,0,0,0,0,0,0,0,1,0,0,0,0,0,0,0,0,0,1,0,1,0,0,1,0,1,0,0,0,0,0,0,0,0,0,0,0,0,0,0,0,0,0,0,0,0,1,0,0,0,1,0,0,0,1,0,0,0,0,1,0,0,0,0,0,1
edf79d283d1f9766,test:01333,LNP_0012028,JW_2024,IR_red_amin_IRh18_IRt11,CCCCCCCC/C=C\CCCCCCCC(=O)OCCCCCC(O)C(CCCCOC(=O)CCCCCCC/C=C\CCCCCCCC)CN(C)Cc1cccnc1,mRNA,-1.349470183,-1.027407277266966,10.0,41.40202173,14.45220901,41.89359183,2.25217743,0.02,0,0,0,1,0,0,0,0,0,0,0,0,1,0,0,0,0,0,0,0,0,0,0,0,0,0,0,0,1,0,0,0,0,0,0,0,0,0,1,0,1,0,0,1,0,1,0,0,0,0,0,0,0,0,0,0,0,0,0,0,0,0,0,0,0,0,1,0,0,0,1,0,0,0,1,0,0,0,0,1,0,0,0,0,0,1
edf79d283d1f9766,test:01336,LNP_0012031,JW_2024,IR_red_amin_IRh18_IRt11,CCCCCCCC/C=C\CCCCCCCC(=O)OCCCCCC(O)C(CCCCOC(=O)CCCCCCC/C=C\CCCCCCCC)CN(C)Cc1cccnc1,mRNA,-1.357635838,-1.0179272322323845,10.0,38.12772622,15.24243059,44.2596928,2.370150387,0.02,0,0,0,1,0,0,0,0,0,0,0,0,1,0,0,0,0,0,0,0,0,0,0,0,0,0,0,0,1,0,0,0,0,0,0,0,0,0,1,0,1,0,0,1,0,1,0,0,0,0,0,0,0,0,0,0,0,0,0,0,0,0,0,0,0,0,1,0,0,0,1,0,0,0,1,0,0,0,0,1,0,0,0,0,0,1
ef94083d6414e052,test:01263,LNP_0011480,JW_2024,RM_branched_ester_M71_R15,CCCCC/C=C\C/C=C\C/C=C\C/C=C\CCCC(=O)OC(C/C=C\CCCCCCCCOC(=O)CCN(CCCn1ccnc1)CCC(=O)OCCCCCCCC/C=C\CC(CCCCCC)OC(=O)CCC/C=C\C/C=C\C/C=C\C/C=C\CCCCC)CCCCCC,mRNA,-1.816440478,-0.9009479410559148,5.0,30.76728219,10.64082674,53.28167737,5.310213705,0.02,0,0,0,1,0,0,0,0,0,0,0,0,1,0,0,0,0,0,0,0,0,0,0,0,0,0,0,0,1,0,0,0,0,0,0,0,0,0,1,0,1,0,0,1,0,1,0,0,0,0,0,0,0,0,0,0,0,0,0,0,0,0,0,0,0,0,1,0,0,0,1,0,0,0,1,0,0,0,0,1,0,0,0,0,0,1
ef94083d6414e052,test:01264,LNP_0011481,JW_2024,RM_branched_ester_M71_R15,CCCCC/C=C\C/C=C\C/C=C\C/C=C\CCCC(=O)OC(C/C=C\CCCCCCCCOC(=O)CCN(CCCn1ccnc1)CCC(=O)OCCCCCCCC/C=C\CC(CCCCCC)OC(=O)CCC/C=C\C/C=C\C/C=C\C/C=C\CCCCC)CCCCCC,mRNA,-1.663527612,-0.5085117165826051,5.0,55.40643045,11.15431667,32.32548055,1.113772336,0.02,0,0,0,1,0,0,0,0,0,0,0,0,1,0,0,0,0,0,0,0,0,0,0,0,0,0,0,0,1,0,0,0,0,0,0,0,0,0,1,0,1,0,0,1,0,1,0,0,0,0,0,0,0,0,0,0,0,0,0,0,0,0,0,0,0,0,1,0,0,0,1,0,0,0,1,0,0,0,0,1,0,0,0,0,0,1
ef94083d6414e052,test:01265,LNP_0011482,JW_2024,RM_branched_ester_M71_R15,CCCCC/C=C\C/C=C\C/C=C\C/C=C\CCCC(=O)OC(C/C=C\CCCCCCCCOC(=O)CCN(CCCn1ccnc1)CCC(=O)OCCCCCCCC/C=C\CC(CCCCCC)OC(=O)CCC/C=C\C/C=C\C/C=C\C/C=C\CCCCC)CCCCCC,mRNA,-0.647106797,-0.1945843265479003,5.0,17.13010073,31.10355443,50.74037286,1.025971981,0.02,0,0,0,1,0,0,0,0,0,0,0,0,1,0,0,0,0,0,0,0,0,0,0,0,0,0,0,0,1,0,0,0,0,0,0,0,0,0,1,0,1,0,0,1,0,1,0,0,0,0,0,0,0,0,0,0,0,0,0,0,0,0,0,0,0,0,1,0,0,0,1,0,0,0,1,0,0,0,0,1,0,0,0,0,0,1
ef94083d6414e052,test:01271,LNP_0011488,JW_2024,RM_branched_ester_M71_R15,CCCCC/C=C\C/C=C\C/C=C\C/C=C\CCCC(=O)OC(C/C=C\CCCCCCCCOC(=O)CCN(CCCn1ccnc1)CCC(=O)OCCCCCCCC/C=C\CC(CCCCCC)OC(=O)CCC/C=C\C/C=C\C/C=C\C/C=C\CCCCC)CCCCCC,mRNA,-1.582573742,-1.277254552833989,5.0,35.57751237,32.22043026,26.82509173,5.376965636,0.02,0,0,0,1,0,0,0,0,0,0,0,0,1,0,0,0,0,0,0,0,0,0,0,0,0,0,0,0,1,0,0,0,0,0,0,0,0,0,1,0,1,0,0,1,0,1,0,0,0,0,0,0,0,0,0,0,0,0,0,0,0,0,0,0,0,0,1,0,0,0,1,0,0,0,1,0,0,0,0,1,0,0,0,0,0,1
f8aae02a3a603d2f,test:01253,LNP_0011394,JW_2024,RM_branched_ester_M71_R7,CCCCC/C=C\C/C=C\CCCCCCCC(=O)OC(C/C=C\CCCCCCCCOC(=O)CCN(CCCn1ccnc1)CCC(=O)OCCCCCCCC/C=C\CC(CCCCCC)OC(=O)CCCCCCC/C=C\C/C=C\CCCCC)CCCCCC,mRNA,-0.737055542,0.0218081503138563,15.0,46.76896547,10.83902163,39.16427529,3.227737617,0.02,0,0,0,0,1,0,0,0,0,0,0,0,1,0,0,0,0,0,0,0,0,0,0,0,0,0,0,0,1,0,0,0,0,0,0,0,0,0,1,0,1,0,0,1,0,1,0,0,0,0,0,0,0,0,0,0,0,0,0,0,0,0,0,0,0,0,1,0,0,0,1,0,0,0,1,0,0,0,0,1,0,0,0,0,0,1
f8aae02a3a603d2f,test:01255,LNP_0011396,JW_2024,RM_branched_ester_M71_R7,CCCCC/C=C\C/C=C\CCCCCCCC(=O)OC(C/C=C\CCCCCCCCOC(=O)CCN(CCCn1ccnc1)CCC(=O)OCCCCCCCC/C=C\CC(CCCCCC)OC(=O)CCCCCCC/C=C\C/C=C\CCCCC)CCCCCC,mRNA,-0.485199057,0.319739478262702,15.0,56.25006639,15.28675212,27.36183763,1.101343856,0.02,0,0,0,0,1,0,0,0,0,0,0,0,1,0,0,0,0,0,0,0,0,0,0,0,0,0,0,0,1,0,0,0,0,0,0,0,0,0,1,0,1,0,0,1,0,1,0,0,0,0,0,0,0,0,0,0,0,0,0,0,0,0,0,0,0,0,1,0,0,0,1,0,0,0,1,0,0,0,0,1,0,0,0,0,0,1
fa2a5b16291e7230,test:01439,LNP_0012382,JW_2024,IR_red_amin_IRh39_IRt11,CCCCCCCC/C=C\CCCCCCCC(=O)OCCCCCC(O)C(CCCCOC(=O)CCCCCCC/C=C\CCCCCCCC)CN1CCCC[C@H]1CO,mRNA,1.157385731,0.4934002424848479,5.0,50.95489395,26.2553472,21.92158993,0.868168919,0.02,0,0,0,0,1,0,0,0,0,0,0,0,1,0,0,0,0,0,0,0,0,0,0,0,0,0,0,0,1,0,0,0,0,0,0,0,0,0,1,0,1,0,0,1,0,1,0,0,0,0,0,0,0,0,0,0,0,0,0,0,0,0,0,0,0,0,1,0,0,0,1,0,0,0,1,0,0,0,0,1,0,0,0,0,0,1
fa2a5b16291e7230,test:01441,LNP_0012384,JW_2024,IR_red_amin_IRh39_IRt11,CCCCCCCC/C=C\CCCCCCCC(=O)OCCCCCC(O)C(CCCCOC(=O)CCCCCCC/C=C\CCCCCCCC)CN1CCCC[C@H]1CO,mRNA,1.353361438,0.6990840027688543,5.0,45.74719204,8.862586798,44.49496188,0.89525928,0.02,0,0,0,0,1,0,0,0,0,0,0,0,1,0,0,0,0,0,0,0,0,0,0,0,0,0,0,0,1,0,0,0,0,0,0,0,0,0,1,0,1,0,0,1,0,1,0,0,0,0,0,0,0,0,0,0,0,0,0,0,0,0,0,0,0,0,1,0,0,0,1,0,0,0,1,0,0,0,0,1,0,0,0,0,0,1
fa2a5b16291e7230,test:01442,LNP_0012385,JW_2024,IR_red_amin_IRh39_IRt11,CCCCCCCC/C=C\CCCCCCCC(=O)OCCCCCC(O)C(CCCCOC(=O)CCCCCCC/C=C\CCCCCCCC)CN1CCCC[C@H]1CO,mRNA,0.250998088,0.6374114059378901,5.0,24.82927341,25.17464319,46.9973942,2.998689202,0.02,0,0,0,0,1,0,0,0,0,0,0,0,1,0,0,0,0,0,0,0,0,0,0,0,0,0,0,0,1,0,0,0,0,0,0,0,0,0,1,0,1,0,0,1,0,1,0,0,0,0,0,0,0,0,0,0,0,0,0,0,0,0,0,0,0,0,1,0,0,0,1,0,0,0,1,0,0,0,0,1,0,0,0,0,0,1
fa513fd323c95b2d,test:01238,LNP_0011303,JW_2024,RM_branched_ester_M71_R6,CCCCCCCC/C=C\CCCCCCCC(=O)OC(C/C=C\CCCCCCCCOC(=O)CCN(CCCn1ccnc1)CCC(=O)OCCCCCCCC/C=C\CC(CCCCCC)OC(=O)CCCCCCC/C=C\CCCCCCCC)CCCCCC,mRNA,-1.015896651,-1.4140706957596734,5.0,56.22177894,10.96064984,27.33216578,5.485405439,0.02,0,0,0,0,1,0,0,0,0,0,0,0,1,0,0,0,0,0,0,0,0,0,0,0,0,0,0,0,1,0,0,0,0,0,0,0,0,0,1,0,1,0,0,1,0,1,0,0,0,0,0,0,0,0,0,0,0,0,0,0,0,0,0,0,0,0,1,0,0,0,1,0,0,0,1,0,0,0,0,1,0,0,0,0,0,1
fa513fd323c95b2d,test:01242,LNP_0011307,JW_2024,RM_branched_ester_M71_R6,CCCCCCCC/C=C\CCCCCCCC(=O)OC(C/C=C\CCCCCCCCOC(=O)CCN(CCCn1ccnc1)CCC(=O)OCCCCCCCC/C=C\CC(CCCCCC)OC(=O)CCCCCCC/C=C\CCCCCCCC)CCCCCC,mRNA,-1.015896651,-0.9847060506188708,5.0,34.42718481,21.13783087,39.11973176,5.315252566,0.02,0,0,0,0,1,0,0,0,0,0,0,0,1,0,0,0,0,0,0,0,0,0,0,0,0,0,0,0,1,0,0,0,0,0,0,0,0,0,1,0,1,0,0,1,0,1,0,0,0,0,0,0,0,0,0,0,0,0,0,0,0,0,0,0,0,0,1,0,0,0,1,0,0,0,1,0,0,0,0,1,0,0,0,0,0,1
fed94df2d2e8db0b,test:01275,LNP_0011808,JW_2024,RM_branched_ester_M2_R14,CCCCC/C=C\CCC(=O)OC(C/C=C\CCCCCCCCOC(=O)CCN(CCC(=O)OCCCCCCCC/C=C\CC(CCCCCC)OC(=O)CC/C=C\CCCCC)CCN(C)C)CCCCCC,mRNA,1.286791213,0.866943018613389,15.0,52.15400147,9.742508625,35.20228142,2.901208489,0.02,0,0,0,0,1,0,0,0,0,0,0,0,1,0,0,0,0,0,0,0,0,0,0,0,0,0,0,0,1,0,0,0,0,0,0,0,0,0,1,0,1,0,0,1,0,1,0,0,0,0,0,0,0,0,0,0,0,0,0,0,0,0,0,0,0,0,1,0,0,0,1,0,0,0,1,0,0,0,0,1,0,0,0,0,0,1
fed94df2d2e8db0b,test:01277,LNP_0011810,JW_2024,RM_branched_ester_M2_R14,CCCCC/C=C\CCC(=O)OC(C/C=C\CCCCCCCCOC(=O)CCN(CCC(=O)OCCCCCCCC/C=C\CC(CCCCCC)OC(=O)CC/C=C\CCCCC)CCN(C)C)CCCCCC,mRNA,1.376739958,1.0854864944208364,15.0,61.46621477,13.46416724,24.09958342,0.970034561,0.02,0,0,0,0,1,0,0,0,0,0,0,0,1,0,0,0,0,0,0,0,0,0,0,0,0,0,0,0,1,0,0,0,0,0,0,0,0,0,1,0,1,0,0,1,0,1,0,0,0,0,0,0,0,0,0,0,0,0,0,0,0,0,0,0,0,0,1,0,0,0,1,0,0,0,1,0,0,0,0,1,0,0,0,0,0,1
fed94df2d2e8db0b,test:01282,LNP_0011815,JW_2024,RM_branched_ester_M2_R14,CCCCC/C=C\CCC(=O)OC(C/C=C\CCCCCCCCOC(=O)CCN(CCC(=O)OCCCCCCCC/C=C\CC(CCCCCC)OC(=O)CC/C=C\CCCCC)CCN(C)C)CCCCCC,mRNA,0.891016737,0.6466233404803865,15.0,36.38623316,9.806544208,48.92260881,4.88461382,0.02,0,0,0,0,1,0,0,0,0,0,0,0,1,0,0,0,0,0,0,0,0,0,0,0,0,0,0,0,1,0,0,0,0,0,0,0,0,0,1,0,1,0,0,1,0,1,0,0,0,0,0,0,0,0,0,0,0,0,0,0,0,0,0,0,0,0,1,0,0,0,1,0,0,0,1,0,0,0,0,1,0,0,0,0,0,1
ff395dd407a80796,test:01197,LNP_0011262,JW_2024,RM_branched_ester_M71_R14,CCCCCC/C=C\CCC(=O)OC(C/C=C\CCCCCCCCOC(=O)CCN(CCCn1ccnc1)CCC(=O)OCCCCCCCC/C=C\CC(CCCCCC)OC(=O)CC/C=C\CCCCCC)CCCCCC,mRNA,-0.656101672,0.0204448743612145,15.0,50.67887909,10.04287632,36.28759001,2.990654581,0.02,0,0,0,0,1,0,0,0,0,0,0,0,1,0,0,0,0,0,0,0,0,0,0,0,0,0,0,0,1,0,0,0,0,0,0,0,0,0,1,0,1,0,0,1,0,1,0,0,0,0,0,0,0,0,0,0,0,0,0,0,0,0,0,0,0,0,1,0,0,0,1,0,0,0,1,0,0,0,0,1,0,0,0,0,0,1
ff395dd407a80796,test:01199,LNP_0011264,JW_2024,RM_branched_ester_M71_R14,CCCCCC/C=C\CCC(=O)OC(C/C=C\CCCCCCCCOC(=O)CCN(CCCn1ccnc1)CCC(=O)OCCCCCCCC/C=C\CC(CCCCCC)OC(=O)CC/C=C\CCCCCC)CCCCCC,mRNA,-0.26932207,0.2816230241458918,15.0,60.05831973,13.95610267,24.98010123,1.005476364,0.02,0,0,0,0,1,0,0,0,0,0,0,0,1,0,0,0,0,0,0,0,0,0,0,0,0,0,0,0,1,0,0,0,0,0,0,0,0,0,1,0,1,0,0,1,0,1,0,0,0,0,0,0,0,0,0,0,0,0,0,0,0,0,0,0,0,0,1,0,0,0,1,0,0,0,1,0,0,0,0,1,0,0,0,0,0,1
