group_id,Experiment_ID,cargo,IL_name,IL_SMILES,n_rows,n_formulations
02b7a4d34fd7086c,JW_2024,mRNA,IR_red_amin_IRh6_IRt11,CCCCCCCC/C=C\CCCCCCCC(=O)OCCCCCC(O)C(CCCCOC(=O)CCCCCCC/C=C\CCCCCCCC)CNCCCN1CCCCC1CC,2,2
0ae97cf272963479,JW_2024,mRNA,RM_branched_ester_M71_R10,CCCCCCCCCCCC(=O)OC(C/C=C\CCCCCCCCOC(=O)CCN(CCCn1ccnc1)CCC(=O)OCCCCCCCC/C=C\CC(CCCCCC)OC(=O)CCCCCCCCCCC)CCCCCC,4,4
0f6226fdbdca0293,JW_2024,mRNA,RM_branched_ester_M2_R14,CCCCC/C=C\CCC(=O)OC(C/C=C\CCCCCCCCOC(=O)CCN(CCC(=O)OCCCCCCCC/C=C\CC(CCCCCC)OC(=O)CC/C=C\CCCCC)CCN(C)C)CCCCCC,2,2
137ad052339bc89a,JW_2024,mRNA,RM_branched_ester_M19_R14,CCCCC/C=C\CCC(=O)OC(C/C=C\CCCCCCCCOC(=O)CCN(CCC(=O)OCCCCCCCC/C=C\CC(CCCCCC)OC(=O)CC/C=C\CCCCC)CCN1CCCCC1)CCCCCC,6,6
160622a341c966f2,JW_2024,mRNA,RM_branched_ester_M71_R15,CCCCC/C=C\C/C=C\C/C=C\C/C=C\CCCC(=O)OC(C/C=C\CCCCCCCCOC(=O)CCN(CCCn1ccnc1)CCC(=O)OCCCCCCCC/C=C\CC(CCCCCC)OC(=O)CCC/C=C\C/C=C\C/C=C\C/C=C\CCCCC)CCCCCC,2,2
1817208dc4d21399,JW_2024,mRNA,RM_branched_ester_M71_R5,CCCCCCCCCCCCCCCCCC(=O)OC(C/C=C\CCCCCCCCOC(=O)CCN(CCCn1ccnc1)CCC(=O)OCCCCCCCC/C=C\CC(CCCCCC)OC(=O)CCCCCCCCCCCCCCCCC)CCCCCC,4,4
181a9b7c05c1d767,JW_2024,mRNA,RM_branched_ester_M71_R6,CCCCCCCC/C=C\CCCCCCCC(=O)OC(C/C=C\CCCCCCCCOC(=O)CCN(CCCn1ccnc1)CCC(=O)OCCCCCCCC/C=C\CC(CCCCCC)OC(=O)CCCCCCC/C=C\CCCCCCCC)CCCCCC,2,2
1cf38ce0ff2ff280,JW_2024,mRNA,RM_branched_ester_M71_R6,CCCCCCCC/C=C\CCCCCCCC(=O)OC(C/C=C\CCCCCCCCOC(=O)CCN(CCCn1ccnc1)CCC(=O)OCCCCCCCC/C=C\CC(CCCCCC)OC(=O)CCCCCCC/C=C\CCCCCCCC)CCCCCC,4,4
23e7f7efda2dbdcb,JW_2024,mRNA,RM_branched_ester_M71_R14,CCCCCC/C=C\CCC(=O)OC(C/C=C\CCCCCCCCOC(=O)CCN(CCCn1ccnc1)CCC(=O)OCCCCCCCC/C=C\CC(CCCCCC)OC(=O)CC/C=C\CCCCCC)CCCCCC,2,2
28abaf1e40536290,JW_2024,mRNA,RM_branched_ester_M71_R10,CCCCCCCCCCCC(=O)OC(C/C=C\CCCCCCCCOC(=O)CCN(CCCn1ccnc1)CCC(=O)OCCCCCCCC/C=C\CC(CCCCCC)OC(=O)CCCCCCCCCCC)CCCCCC,2,2
2e7cd94a4f8c6ac7,JW_2024,mRNA,IR_red_amin_IRh20_IRt8,CCCCCCCCCCCCCCCC(=O)OCCCCCC(O)C(CCCCOC(=O)CCCCCCCCCCCCCCC)CN(C)CCCn1cccn1,6,6
30e5454ae16c5455,JW_2024,mRNA,RM_branched_ester_M71_R15,CCCCC/C=C\C/C=C\C/C=C\C/C=C\CCCC(=O)OC(C/C=C\CCCCCCCCOC(=O)CCN(CCCn1ccnc1)CCC(=O)OCCCCCCCC/C=C\CC(CCCCCC)OC(=O)CCC/C=C\C/C=C\C/C=C\C/C=C\CCCCC)CCCCCC,2,2
30f30dada08378c4,JW_2024,mRNA,IR_red_amin_IRh18_IRt8,CCCCCCCCCCCCCCCC(=O)OCCCCCC(O)C(CCCCOC(=O)CCCCCCCCCCCCCCC)CN(C)Cc1cccnc1,2,2
323d64982a1efbae,JW_2024,mRNA,RM_branched_ester_M71_R7,CCCCC/C=C\C/C=C\CCCCCCCC(=O)OC(C/C=C\CCCCCCCCOC(=O)CCN(CCCn1ccnc1)CCC(=O)OCCCCCCCC/C=C\CC(CCCCCC)OC(=O)CCCCCCC/C=C\C/C=C\CCCCC)CCCCCC,2,2
33557900a8973eb8,JW_2024,mRNA,RM_branched_ester_M71_R5,CCCCCCCCCCCCCCCCCC(=O)OC(C/C=C\CCCCCCCCOC(=O)CCN(CCCn1ccnc1)CCC(=O)OCCCCCCCC/C=C\CC(CCCCCC)OC(=O)CCCCCCCCCCCCCCCCC)CCCCCC,2,2
33dd66a935312f92,JW_2024,mRNA,RM_branched_ester_M19_R14,CCCCC/C=C\CCC(=O)OC(C/C=C\CCCCCCCCOC(=O)CCN(CCC(=O)OCCCCCCCC/C=C\CC(CCCCCC)OC(=O)CC/C=C\CCCCC)CCN1CCCCC1)CCCCCC,3,3
3d54b048d658505f,JW_2024,mRNA,IR_red_amin_IRh18_IRt11,CCCCCCCC/C=C\CCCCCCCC(=O)OCCCCCC(O)C(CCCCOC(=O)CCCCCCC/C=C\CCCCCCCC)CN(C)Cc1cccnc1,4,4
3d92cf81dcaded6a,JW_2024,mRNA,RM_branched_ester_M71_R15,CCCCC/C=C\C/C=C\C/C=C\C/C=C\CCCC(=O)OC(C/C=C\CCCCCCCCOC(=O)CCN(CCCn1ccnc1)CCC(=O)OCCCCCCCC/C=C\CC(CCCCCC)OC(=O)CCC/C=C\C/C=C\C/C=C\C/C=C\CCCCC)CCCCCC,2,2
3da3a4d16363c76e,JW_2024,mRNA,IR_red_amin_IRh18_IRt8,CCCCCCCCCCCCCCCC(=O)OCCCCCC(O)C(CCCCOC(=O)CCCCCCCCCCCCCCC)CN(C)Cc1cccnc1,2,2
4508b50a7915f54a,JW_2024,mRNA,IR_red_amin_IRh18_IRt12,CCCCC/C=C\C/C=C\CCCCCCCC(=O)OCCCCCC(O)C(CCCCOC(=O)CCCCCCC/C=C\C/C=C\CCCCC)CN(C)Cc1cccnc1,2,2
4a57c1fa1d6c246d,JW_2024,mRNA,RM_branched_ester_M71_R5,CCCCCCCCCCCCCCCCCC(=O)OC(C/C=C\CCCCCCCCOC(=O)CCN(CCCn1ccnc1)CCC(=O)OCCCCCCCC/C=C\CC(CCCCCC)OC(=O)CCCCCCCCCCCCCCCCC)CCCCCC,2,2
4ee6e6db4b3f734d,JW_2024,mRNA,IR_red_amin_IRh18_IRt11,CCCCCCCC/C=C\CCCCCCCC(=O)OCCCCCC(O)C(CCCCOC(=O)CCCCCCC/C=C\CCCCCCCC)CN(C)Cc1cccnc1,2,2
52b38a889de2b5b9,JW_2024,mRNA,IR_red_amin_IRh20_IRt8,CCCCCCCCCCCCCCCC(=O)OCCCCCC(O)C(CCCCOC(=O)CCCCCCCCCCCCCCC)CN(C)CCCn1cccn1,5,5
53291e0a20ea0e3e,JW_2024,mRNA,RM_branched_ester_M71_R14,CCCCCC/C=C\CCC(=O)OC(C/C=C\CCCCCCCCOC(=O)CCN(CCCn1ccnc1)CCC(=O)OCCCCCCCC/C=C\CC(CCCCCC)OC(=O)CC/C=C\CCCCCC)CCCCCC,2,2
53345bfba556e242,JW_2024,mRNA,IR_red_amin_IRh39_IRt11,CCCCCCCC/C=C\CCCCCCCC(=O)OCCCCCC(O)C(CCCCOC(=O)CCCCCCC/C=C\CCCCCCCC)CN1CCCC[C@H]1CO,3,3
533b3cb410f159e6,JW_2024,mRNA,IR_red_amin_IRh18_IRt8,CCCCCCCCCCCCCCCC(=O)OCCCCCC(O)C(CCCCOC(=O)CCCCCCCCCCCCCCC)CN(C)Cc1cccnc1,4,4
5a500d8b5d9e0629,JW_2024,mRNA,RM_branched_ester_M71_R7,CCCCC/C=C\C/C=C\CCCCCCCC(=O)OC(C/C=C\CCCCCCCCOC(=O)CCN(CCCn1ccnc1)CCC(=O)OCCCCCCCC/C=C\CC(CCCCCC)OC(=O)CCCCCCC/C=C\C/C=C\CCCCC)CCCCCC,2,2
715267b2307d9c95,JW_2024,mRNA,IR_red_amin_IRh18_IRt11,CCCCCCCC/C=C\CCCCCCCC(=O)OCCCCCC(O)C(CCCCOC(=O)CCCCCCC/C=C\CCCCCCCC)CN(C)Cc1cccnc1,2,2
74a51ffd75454f9c,JW_2024,mRNA,IR_red_amin_IRh20_IRt8,CCCCCCCCCCCCCCCC(=O)OCCCCCC(O)C(CCCCOC(=O)CCCCCCCCCCCCCCC)CN(C)CCCn1cccn1,3,3
771abdd20234d9b7,JW_2024,mRNA,IR_red_amin_IRh20_IRt8,CCCCCCCCCCCCCCCC(=O)OCCCCCC(O)C(CCCCOC(=O)CCCCCCCCCCCCCCC)CN(C)CCCn1cccn1,4,4
79433c130bb0e596,JW_2024,mRNA,RM_branched_ester_M71_R10,CCCCCCCCCCCC(=O)OC(C/C=C\CCCCCCCCOC(=O)CCN(CCCn1ccnc1)CCC(=O)OCCCCCCCC/C=C\CC(CCCCCC)OC(=O)CCCCCCCCCCC)CCCCCC,2,2
7a1a79982c585303,JW_2024,mRNA,IR_red_amin_IRh18_IRt12,CCCCC/C=C\C/C=C\CCCCCCCC(=O)OCCCCCC(O)C(CCCCOC(=O)CCCCCCC/C=C\C/C=C\CCCCC)CN(C)Cc1cccnc1,2,2
821ebeb94ca60b4d,JW_2024,mRNA,IR_red_amin_IRh20_IRt11,CCCCCCCC/C=C\CCCCCCCC(=O)OCCCCCC(O)C(CCCCOC(=O)CCCCCCC/C=C\CCCCCCCC)CN(C)CCCn1cccn1,9,6
830478ec3252fcbb,JW_2024,mRNA,IR_red_amin_IRh18_IRt12,CCCCC/C=C\C/C=C\CCCCCCCC(=O)OCCCCCC(O)C(CCCCOC(=O)CCCCCCC/C=C\C/C=C\CCCCC)CN(C)Cc1cccnc1,2,2
8c2c694f9f60b99a,JW_2024,mRNA,RM_branched_ester_M19_R14,CCCCC/C=C\CCC(=O)OC(C/C=C\CCCCCCCCOC(=O)CCN(CCC(=O)OCCCCCCCC/C=C\CC(CCCCCC)OC(=O)CC/C=C\CCCCC)CCN1CCCCC1)CCCCCC,2,2
8c35df71273346f0,JW_2024,mRNA,IR_red_amin_IRh20_IRt11,CCCCCCCC/C=C\CCCCCCCC(=O)OCCCCCC(O)C(CCCCOC(=O)CCCCCCC/C=C\CCCCCCCC)CN(C)CCCn1cccn1,8,4
8f547b2f19bcedd3,JW_2024,mRNA,RM_branched_ester_M71_R15,CCCCC/C=C\C/C=C\C/C=C\C/C=C\CCCC(=O)OC(C/C=C\CCCCCCCCOC(=O)CCN(CCCn1ccnc1)CCC(=O)OCCCCCCCC/C=C\CC(CCCCCC)OC(=O)CCC/C=C\C/C=C\C/C=C\C/C=C\CCCCC)CCCCCC,2,2
a591e56ec2c36f7e,JW_2024,mRNA,RM_branched_ester_M71_R14,CCCCCC/C=C\CCC(=O)OC(C/C=C\CCCCCCCCOC(=O)CCN(CCCn1ccnc1)CCC(=O)OCCCCCCCC/C=C\CC(CCCCCC)OC(=O)CC/C=C\CCCCCC)CCCCCC,4,4
a6d25d58d8a87b9f,JW_2024,mRNA,IR_red_amin_IRh20_IRt11,CCCCCCCC/C=C\CCCCCCCC(=O)OCCCCCC(O)C(CCCCOC(=O)CCCCCCC/C=C\CCCCCCCC)CN(C)CCCn1cccn1,6,3
ab120591e156380c,JW_2024,mRNA,IR_red_amin_IRh6_IRt11,CCCCCCCC/C=C\CCCCCCCC(=O)OCCCCCC(O)C(CCCCOC(=O)CCCCCCC/C=C\CCCCCCCC)CNCCCN1CCCCC1CC,5,5
abdcc9fcacf64f77,JW_2024,mRNA,RM_branched_ester_M71_R10,CCCCCCCCCCCC(=O)OC(C/C=C\CCCCCCCCOC(=O)CCN(CCCn1ccnc1)CCC(=O)OCCCCCCCC/C=C\CC(CCCCCC)OC(=O)CCCCCCCCCCC)CCCCCC,2,2
afc04a9a898dc268,JW_2024,mRNA,RM_branched_ester_M19_R14,CCCCC/C=C\CCC(=O)OC(C/C=C\CCCCCCCCOC(=O)CCN(CCC(=O)OCCCCCCCC/C=C\CC(CCCCCC)OC(=O)CC/C=C\CCCCC)CCN1CCCCC1)CCCCCC,5,5
b12abb17535b74e8,JW_2024,mRNA,RM_branched_ester_M71_R14,CCCCCC/C=C\CCC(=O)OC(C/C=C\CCCCCCCCOC(=O)CCN(CCCn1ccnc1)CCC(=O)OCCCCCCCC/C=C\CC(CCCCCC)OC(=O)CC/C=C\CCCCCC)CCCCCC,2,2
b368d79d17800894,JW_2024,mRNA,IR_red_amin_IRh18_IRt8,CCCCCCCCCCCCCCCC(=O)OCCCCCC(O)C(CCCCOC(=O)CCCCCCCCCCCCCCC)CN(C)Cc1cccnc1,2,2
b464627c1d7db6d9,JW_2024,mRNA,RM_branched_ester_M71_R5,CCCCCCCCCCCCCCCCCC(=O)OC(C/C=C\CCCCCCCCOC(=O)CCN(CCCn1ccnc1)CCC(=O)OCCCCCCCC/C=C\CC(CCCCCC)OC(=O)CCCCCCCCCCCCCCCCC)CCCCCC,2,2
b48f89f55b8c57b6,JW_2024,mRNA,IR_red_amin_IRh6_IRt11,CCCCCCCC/C=C\CCCCCCCC(=O)OCCCCCC(O)C(CCCCOC(=O)CCCCCCC/C=C\CCCCCCCC)CNCCCN1CCCCC1CC,4,4
b645993f5c40a740,JW_2024,mRNA,IR_red_amin_IRh20_IRt8,CCCCCCCCCCCCCCCC(=O)OCCCCCC(O)C(CCCCOC(=O)CCCCCCCCCCCCCCC)CN(C)CCCn1cccn1,2,2
ba2514ee4b7f7d49,JW_2024,mRNA,RM_branched_ester_M71_R10,CCCCCCCCCCCC(=O)OC(C/C=C\CCCCCCCCOC(=O)CCN(CCCn1ccnc1)CCC(=O)OCCCCCCCC/C=C\CC(CCCCCC)OC(=O)CCCCCCCCCCC)CCCCCC,2,2
bb22d574a3493909,JW_2024,mRNA,IR_red_amin_IRh18_IRt12,CCCCC/C=C\C/C=C\CCCCCCCC(=O)OCCCCCC(O)C(CCCCOC(=O)CCCCCCC/C=C\C/C=C\CCCCC)CN(C)Cc1cccnc1,4,4
c1c7228d83f96a40,JW_2024,mRNA,RM_branched_ester_M71_R7,CCCCC/C=C\C/C=C\CCCCCCCC(=O)OC(C/C=C\CCCCCCCCOC(=O)CCN(CCCn1ccnc1)CCC(=O)OCCCCCCCC/C=C\CC(CCCCCC)OC(=O)CCCCCCC/C=C\C/C=C\CCCCC)CCCCCC,4,4
c5b4a8cffad42d01,JW_2024,mRNA,RM_branched_ester_M71_R6,CCCCCCCC/C=C\CCCCCCCC(=O)OC(C/C=C\CCCCCCCCOC(=O)CCN(CCCn1ccnc1)CCC(=O)OCCCCCCCC/C=C\CC(CCCCCC)OC(=O)CCCCCCC/C=C\CCCCCCCC)CCCCCC,2,2
c7904df1e01fb113,JW_2024,mRNA,IR_red_amin_IRh20_IRt11,CCCCCCCC/C=C\CCCCCCCC(=O)OCCCCCC(O)C(CCCCOC(=O)CCCCCCC/C=C\CCCCCCCC)CN(C)CCCn1cccn1,4,2
cc6adb2b602e096f,JW_2024,mRNA,IR_red_amin_IRh18_IRt11,CCCCCCCC/C=C\CCCCCCCC(=O)OCCCCCC(O)C(CCCCOC(=O)CCCCCCC/C=C\CCCCCCCC)CN(C)Cc1cccnc1,2,2
cc8555ba1391e1d6,JW_2024,mRNA,IR_red_amin_IRh18_IRt8,CCCCCCCCCCCCCCCC(=O)OCCCCCC(O)C(CCCCOC(=O)CCCCCCCCCCCCCCC)CN(C)Cc1cccnc1,2,2
cf6ac548de7df2c2,JW_2024,mRNA,RM_branched_ester_M71_R7,CCCCC/C=C\C/C=C\CCCCCCCC(=O)OC(C/C=C\CCCCCCCCOC(=O)CCN(CCCn1ccnc1)CCC(=O)OCCCCCCCC/C=C\CC(CCCCCC)OC(=O)CCCCCCC/C=C\C/C=C\CCCCC)CCCCCC,2,2
d22eb6c459be0ac3,JW_2024,mRNA,RM_branched_ester_M2_R14,CCCCC/C=C\CCC(=O)OC(C/C=C\CCCCCCCCOC(=O)CCN(CCC(=O)OCCCCCCCC/C=C\CC(CCCCCC)OC(=O)CC/C=C\CCCCC)CCN(C)C)CCCCCC,4,4
d40b7e5653809b1d,JW_2024,mRNA,IR_red_amin_IRh6_IRt11,CCCCCCCC/C=C\CCCCCCCC(=O)OCCCCCC(O)C(CCCCOC(=O)CCCCCCC/C=C\CCCCCCCC)CNCCCN1CCCCC1CC,2,2
d8be7ed59667f3af,JW_2024,mRNA,IR_red_amin_IRh20_IRt11,CCCCCCCC/C=C\CCCCCCCC(=O)OCCCCCC(O)C(CCCCOC(=O)CCCCCCC/C=C\CCCCCCCC)CN(C)CCCn1cccn1,9,5
da649549318df2fd,JW_2024,mRNA,IR_red_amin_IRh18_IRt12,CCCCC/C=C\C/C=C\CCCCCCCC(=O)OCCCCCC(O)C(CCCCOC(=O)CCCCCCC/C=C\C/C=C\CCCCC)CN(C)Cc1cccnc1,2,2
df1f0951965bd153,JW_2024,mRNA,RM_branched_ester_M71_R6,CCCCCCCC/C=C\CCCCCCCC(=O)OC(C/C=C\CCCCCCCCOC(=O)CCN(CCCn1ccnc1)CCC(=O)OCCCCCCCC/C=C\CC(CCCCCC)OC(=O)CCCCCCC/C=C\CCCCCCCC)CCCCCC,2,2
e909553d344f1f18,JW_2024,mRNA,RM_branched_ester_M71_R5,CCCCCCCCCCCCCCCCCC(=O)OC(C/C=C\CCCCCCCCOC(=O)CCN(CCCn1ccnc1)CCC(=O)OCCCCCCCC/C=C\CC(CCCCCC)OC(=O)CCCCCCCCCCCCCCCCC)CCCCCC,2,2
eab0b03222b844e1,JW_2024,mRNA,RM_branched_ester_M2_R14,CCCCC/C=C\CCC(=O)OC(C/C=C\CCCCCCCCOC(=O)CCN(CCC(=O)OCCCCCCCC/C=C\CC(CCCCCC)OC(=O)CC/C=C\CCCCC)CCN(C)C)CCCCCC,5,5
edf79d283d1f9766,JW_2024,mRNA,IR_red_amin_IRh18_IRt11,CCCCCCCC/C=C\CCCCCCCC(=O)OCCCCCC(O)C(CCCCOC(=O)CCCCCCC/C=C\CCCCCCCC)CN(C)Cc1cccnc1,2,2
ef94083d6414e052,JW_2024,mRNA,RM_branched_ester_M71_R15,CCCCC/C=C\C/C=C\C/C=C\C/C=C\CCCC(=O)OC(C/C=C\CCCCCCCCOC(=O)CCN(CCCn1ccnc1)CCC(=O)OCCCCCCCC/C=C\CC(CCCCCC)OC(=O)CCC/C=C\C/C=C\C/C=C\C/C=C\CCCCC)CCCCCC,4,4
f8aae02a3a603d2f,JW_2024,mRNA,RM_branched_ester_M71_R7,CCCCC/C=C\C/C=C\CCCCCCCC(=O)OC(C/C=C\CCCCCCCCOC(=O)CCN(CCCn1ccnc1)CCC(=O)OCCCCCCCC/C=C\CC(CCCCCC)OC(=O)CCCCCCC/C=C\C/C=C\CCCCC)CCCCCC,2,2
fa2a5b16291e7230,JW_2024,mRNA,IR_red_amin_IRh39_IRt11,CCCCCCCC/C=C\CCCCCCCC(=O)OCCCCCC(O)C(CCCCOC(=O)CCCCCCC/C=C\CCCCCCCC)CN1CCCC[C@H]1CO,3,3
fa513fd323c95b2d,JW_2024,mRNA,RM_branched_ester_M71_R6,CCCCCCCC/C=C\CCCCCCCC(=O)OC(C/C=C\CCCCCCCCOC(=O)CCN(CCCn1ccnc1)CCC(=O)OCCCCCCCC/C=C\CC(CCCCCC)OC(=O)CCCCCCC/C=C\CCCCCCCC)CCCCCC,2,2
fed94df2d2e8db0b,JW_2024,mRNA,RM_branched_ester_M2_R14,CCCCC/C=C\CCC(=O)OC(C/C=C\CCCCCCCCOC(=O)CCN(CCC(=O)OCCCCCCCC/C=C\CC(CCCCCC)OC(=O)CC/C=C\CCCCC)CCN(C)C)CCCCCC,3,3
ff395dd407a80796,JW_2024,mRNA,RM_branched_ester_M71_R14,CCCCCC/C=C\CCC(=O)OC(C/C=C\CCCCCCCCOC(=O)CCN(CCCn1ccnc1)CCC(=O)OCCCCCCCC/C=C\CC(CCCCCC)OC(=O)CC/C=C\CCCCCC)CCCCCC,2,2
